-- phpMyAdmin SQL Dump
-- version 5.2.1
-- https://www.phpmyadmin.net/
--
-- Host: 127.0.0.1
-- Generation Time: Nov 28, 2024 at 10:54 AM
-- Server version: 10.4.32-MariaDB
-- PHP Version: 8.0.30

SET SQL_MODE = "NO_AUTO_VALUE_ON_ZERO";
START TRANSACTION;
SET time_zone = "+00:00";


/*!40101 SET @OLD_CHARACTER_SET_CLIENT=@@CHARACTER_SET_CLIENT */;
/*!40101 SET @OLD_CHARACTER_SET_RESULTS=@@CHARACTER_SET_RESULTS */;
/*!40101 SET @OLD_COLLATION_CONNECTION=@@COLLATION_CONNECTION */;
/*!40101 SET NAMES utf8mb4 */;

--
-- Database: `mobisave`
--

-- --------------------------------------------------------

--
-- Table structure for table `cells`
--

CREATE TABLE `cells` (
  `Cell_ID` int(11) NOT NULL,
  `CellName` text NOT NULL,
  `Sector_ID` int(11) NOT NULL
) ENGINE=InnoDB DEFAULT CHARSET=latin1 COLLATE=latin1_swedish_ci;

--
-- Dumping data for table `cells`
--

INSERT INTO `cells` (`Cell_ID`, `CellName`, `Sector_ID`) VALUES
(1, 'Gitovu', 291),
(2, 'Kimirama', 291),
(3, 'Masangano', 291),
(4, 'Munyinya', 291),
(5, 'Rukingiro', 291),
(6, 'Shyira', 291),
(7, 'Bungwe', 151),
(8, 'Bushenya', 151),
(10, 'Mudugali', 151),
(11, 'Tumba', 151),
(13, 'Gatsibo', 152),
(14, 'Mubuga', 152),
(15, 'Muhotora', 152),
(16, 'Rusumo', 152),
(17, 'Nyamicucu', 152),
(18, 'Gasiza', 153),
(19, 'Kabyiniro', 153),
(20, 'Kagitega', 153),
(21, 'Kamajyana', 153),
(22, 'Nyagahinga', 153),
(23, 'Butare', 154),
(24, 'Buaramba', 155),
(25, 'Gisiza', 155),
(26, 'Kidakama', 155),
(27, 'Nyangwe', 155),
(28, 'Rwasa', 155),
(29, 'Gabiro', 156),
(30, 'Musenda', 156),
(31, 'Rwambogo', 156),
(32, 'Mariba', 157),
(33, 'Musasa', 157),
(34, 'Runoga', 157),
(35, 'Kabaya', 158),
(37, 'Kayenzi', 158),
(38, 'Kiringa', 158),
(39, 'Nyamabuye', 158),
(40, 'Gafuka', 159),
(41, 'Nkenke', 159),
(42, 'Nkumba', 159),
(43, 'Ntaruka', 159),
(44, 'Bugamba', 160),
(45, 'Kaganda', 160),
(46, 'Musasa', 160),
(48, 'Rutovu', 160),
(49, 'Bukwashuri', 161),
(50, 'Gashanje', 161),
(51, 'Murwa', 161),
(52, 'Nyirataba', 161),
(53, 'Kivumu', 168),
(56, 'Rubona', 168),
(57, 'Rushara', 168),
(58, 'Cyahi', 163),
(59, 'Gafumba', 163),
(60, 'Rurembo', 163),
(61, 'Kiribata', 164),
(62, 'Mucaca', 164),
(63, 'Nyanamo', 164),
(64, 'Rukandabyuma', 164),
(65, 'Gaseke', 165),
(66, 'Gatare', 165),
(67, 'Gitovu', 165),
(68, 'Rusekera', 165),
(69, 'Kabona', 166),
(70, 'Ndago', 166),
(72, 'Ruhurura', 166),
(73, 'Gacundura', 167),
(74, 'Gashoro', 167),
(75, 'Ruconsho', 167),
(76, 'Rugali', 167),
(78, 'Buteteri', 30),
(79, 'Byibuhiro', 30),
(80, 'Kamina', 30),
(81, 'Kirabo', 30),
(82, 'Mwumba', 30),
(83, 'Nyagasozi', 30),
(84, 'Ruhanga', 30),
(85, 'Kiruku', 31),
(86, 'Mbirima', 31),
(87, 'Nyange', 31),
(88, 'Nyanza', 31),
(89, 'Muhaza', 31),
(90, 'Muhororo', 32),
(91, 'Muramba', 32),
(92, 'Mutanda', 32),
(93, 'Rukore', 32),
(94, 'Buheta', 33),
(95, 'Kagoma', 33),
(96, 'Nganzo', 33),
(97, 'Rusagara', 33),
(98, 'Nyakina', 34),
(99, 'Rukura', 34),
(100, 'Rutabo', 34),
(101, 'Rutenderi', 34),
(102, 'Taba', 34),
(103, 'Gakindo', 36),
(104, 'Gashyamba', 36),
(105, 'Gatwa', 36),
(106, 'Karukungu', 36),
(107, 'Kamubuga', 37),
(108, 'Kidomo', 37),
(109, 'Mbatabata', 37),
(110, 'Rukore', 37),
(111, 'Kanyanza', 38),
(112, 'Kirebe', 38),
(114, 'Cyintare', 39),
(115, 'Gisizi', 39),
(116, 'Rugimbu', 39),
(117, 'Ruhinga', 39),
(118, 'Sereri', 39),
(119, 'Buyange', 40),
(120, 'Gikombe', 40),
(121, 'Tandaguza', 40),
(122, 'Gasiho', 41),
(123, 'Munyana', 41),
(124, 'Murambi', 41),
(125, 'Raba', 41),
(126, 'Gahinga', 35),
(127, 'Mutego', 35),
(128, 'Nkomane', 35),
(129, 'Mutenderi', 35),
(130, 'Rwa', 35),
(131, 'Rwamambe', 35),
(132, 'Busake', 42),
(133, 'Bwenda', 42),
(134, 'Gaihinga', 42),
(135, 'Huro', 42),
(136, 'Musagara', 42),
(137, 'Musenyi', 42),
(138, 'Ruganda', 42),
(139, 'Rwinkuba', 42),
(140, 'Gasiza', 42),
(141, 'Bumba', 43),
(142, 'Gisiza', 43),
(144, 'Karyango', 43),
(145, 'Va', 43),
(146, 'Kabatesi', 44),
(147, 'Kiryamo', 44),
(148, 'Mwiyando', 44),
(149, 'Rwa', 44),
(150, 'Mubuga', 44),
(151, 'Buranga', 45),
(152, 'Gahinga', 45),
(153, 'Gisozi', 45),
(155, 'Mucaca', 45),
(156, 'Busoro', 46),
(157, 'Gikingo', 46),
(158, 'Jango', 46),
(159, 'Ruli', 46),
(160, 'Rwesero', 46),
(161, 'Nyundo', 47),
(162, 'Gataba', 47),
(163, 'Kamonyi', 47),
(164, 'Rumbi', 47),
(165, 'Murambi', 47),
(166, 'Rurembo', 47),
(167, 'Bulimba', 48),
(168, 'Busanane', 48),
(169, 'Joma', 48),
(170, 'Kageyo', 48),
(171, 'Mbogo', 48),
(172, 'Razi', 48),
(173, 'Rwankuba', 48),
(174, 'Shyombwe', 48),
(175, 'Karenge', 169),
(176, 'Kigabiro', 169),
(177, 'Rwesero', 169),
(178, 'Kivumu', 169),
(179, 'Bwisige', 170),
(180, 'Gihuke', 170),
(181, 'Mukono', 170),
(182, 'Nyabushingitwa', 170),
(183, 'Gacurabwenge', 171),
(184, 'Gisuna', 171),
(186, 'Kivugiza', 171),
(187, 'Murama', 171),
(188, 'Nyakabungo', 171),
(189, 'Nyamabuye', 171),
(190, 'Nyarutarama', 171),
(191, 'Bucurabwenge', 172),
(193, 'Gisunzu', 172),
(194, 'Muhambo', 172),
(195, 'Nyambare', 172),
(196, 'Nyaruka', 172),
(197, 'Rwankonjo', 172),
(198, 'Rutobotobo', 173),
(199, 'Murehe', 173),
(200, 'Tanda', 173),
(201, 'Gihembe', 177),
(202, 'Horezo', 177),
(203, 'Kabuga', 177),
(204, 'Muhondo', 177),
(205, 'Nyamyaga', 178),
(206, 'Bugomba', 177),
(207, 'Bugomba', 174),
(208, 'Gatoma', 174),
(209, 'Mulindi', 174),
(210, 'Nyarwambu', 174),
(212, 'Kabuga', 175),
(213, 'Nyiragifumba', 175),
(214, 'Nyiravugiza', 175),
(215, 'Remera', 175),
(216, 'Busekera', 175),
(217, 'RyaruyumbA', 175),
(218, 'Gakenke', 176),
(219, 'Miyove', 176),
(221, 'Mubuga', 176),
(222, 'Cyamuganga', 178),
(223, 'Gatenga', 178),
(224, 'Mutarama', 178),
(225, 'Rugerero', 178),
(226, 'Rusambya', 178),
(227, 'Cyamuhinda', 179),
(228, 'Kigoma', 179),
(230, 'Mwendo', 179),
(231, 'Ngange', 179),
(232, 'Rebero', 179),
(233, 'Gaseke', 180),
(234, 'Kabeza', 180),
(235, 'Musenyi', 180),
(236, 'Mutandi', 180),
(237, 'Nyarubuye', 180),
(238, 'Gahumuriza', 181),
(239, 'Jamba', 181),
(240, 'Kabeza', 181),
(241, 'Kabuga', 181),
(242, 'Karambo', 181),
(243, 'Kiziba', 181),
(244, 'Mataba', 181),
(245, 'Butare', 182),
(247, 'Kigogo', 182),
(248, 'Kinishya', 182),
(249, 'Rusasa', 182),
(250, 'Rutete', 182),
(251, 'Rwagihura', 182),
(252, 'Yaramba', 182),
(253, 'Gihanga', 183),
(254, 'Gishambashayo', 183),
(255, 'Gishari', 183),
(256, 'Muguramo', 183),
(257, 'Nyamiyaga', 183),
(258, 'Cyeya', 184),
(259, 'Cyuru', 184),
(260, 'Gisizi', 184),
(261, 'Kinyami', 184),
(262, 'Mabare', 184),
(263, 'Munyinya', 184),
(264, 'Gitega', 185),
(265, 'Kamutora', 185),
(266, 'Karurama', 185),
(267, 'Bikumba', 186),
(268, 'Gasharu', 186),
(269, 'Gatwaro', 186),
(270, 'Kigabiro', 186),
(271, 'Munanira', 186),
(272, 'Nkoto', 186),
(273, 'Cyandaro', 187),
(274, 'Gasambya', 187),
(275, 'Gashirira', 187),
(277, 'Rebero', 187),
(278, 'Ruhondo', 187),
(279, 'Cyeru', 188),
(280, 'Kigabiro', 188),
(281, 'Nyagahinga', 188),
(282, 'Bushara', 189),
(283, 'Nyabubare', 189),
(284, 'Shangasha', 189),
(285, 'Gisesero', 190),
(286, 'Kavumu', 190),
(287, 'Nyagisozi', 190),
(288, 'Sahara', 190),
(289, 'Bukinanyana', 191),
(290, 'Burumba', 190),
(291, 'Cyanya', 191),
(292, 'kabeza', 191),
(293, 'Migeshi', 191),
(294, 'Rwebeya', 191),
(295, 'Gakoro', 192),
(296, 'Gasakuza', 192),
(297, 'Kabirizi', 192),
(298, 'Karwasa', 192),
(299, 'Kivumu', 193),
(300, 'Mbwe', 193),
(301, 'Muharuro', 193),
(302, 'Shanga', 193),
(303, 'Mudakama', 203),
(304, 'Murago', 203),
(305, 'Rubindi', 203),
(306, 'Rungu', 203),
(308, 'Birira', 194),
(309, 'Buramira', 194),
(310, 'Kivumu', 194),
(311, 'Mbizi', 194),
(312, 'Bisoke', 195),
(313, 'Kaguhu', 195),
(314, 'Kampanga', 195),
(315, 'Nyabigoma', 195),
(316, 'Nyonirima', 195),
(317, 'Cyabararika', 196),
(318, 'Kigombe', 196),
(319, 'Mpenge', 196),
(320, 'Ruhengeri', 196),
(322, 'Cyivugiza', 197),
(323, 'Cyogo', 197),
(324, 'Mburabuturo', 197),
(325, 'Songa', 197),
(326, 'Cyabagarura', 198),
(327, 'Garuka', 198),
(328, 'Kabazungu', 198),
(329, 'Nyarubuye', 198),
(330, 'Rwambogo', 198),
(331, 'Kibara', 199),
(332, 'Bikara', 199),
(333, 'Gashinga', 199),
(334, 'Mubago', 199),
(335, 'Rugeshi', 199),
(336, 'Ruyumba', 199),
(337, 'Cyivugiza', 200),
(338, 'Kabeza', 200),
(340, 'Muhabura', 201),
(341, 'Ninda', 200),
(342, 'Gasongero', 201),
(344, 'Kimisave', 201),
(345, 'Murandi', 201),
(346, 'Murwa', 201),
(347, 'Murambo', 201),
(348, 'Bumara', 204),
(349, 'Kabushinge', 204),
(350, 'Musezero', 204),
(351, 'Nturo', 204),
(352, 'Nyarubuye', 204),
(355, 'Gakingo', 202),
(356, 'Kibuguzo', 202),
(357, 'Mudende', 202),
(358, 'Mugali', 202),
(359, 'Cyohoha', 205),
(360, 'Gitare', 205),
(361, 'Rwamahwa', 205),
(362, 'Butangampundu', 206),
(363, 'Karengere', 206),
(364, 'Taba', 206),
(365, 'Gasiza', 207),
(366, 'Giko', 207),
(367, 'Kayenzi', 207),
(368, 'Mukoto', 207),
(369, 'Nyirangarama', 207),
(371, 'Butare', 208),
(372, 'Gahororo', 208),
(374, 'Gitumba', 208),
(375, 'Karama', 208),
(376, 'Rusoro', 208),
(377, 'Budakiranya', 209),
(378, 'Migendezo', 209),
(379, 'Rudogo', 209),
(380, 'Burehe', 210),
(381, 'Marembo', 210),
(382, 'Rwiri', 210),
(383, 'Butunzi', 211),
(384, 'Karigamazi', 211),
(385, 'Marembo', 211),
(386, 'Rebero', 211),
(387, 'Gitasa', 212),
(388, 'Kamushenyi', 212),
(389, 'Kigarama', 212),
(390, 'Mubuga', 212),
(391, 'Murama', 212),
(392, 'Sayo', 212),
(394, 'Kabuga', 214),
(395, 'Kigarama', 214),
(396, 'Kivugiza', 214),
(397, 'Nyamyumba', 214),
(398, 'Shengampuri', 214),
(399, 'Bukoro', 213),
(400, 'Mushari', 213),
(401, 'Ngiramazi', 213),
(402, 'Bubangu', 216),
(403, 'Mugambazi', 216),
(404, 'Mvuzo', 216),
(405, 'Kabuga', 217),
(406, 'Karambo', 217),
(407, 'Munyarwanda', 217),
(408, 'Kajevuba', 218),
(409, 'Kiyanza', 218),
(410, 'Mahaza', 218),
(411, 'Buraro', 219),
(412, 'Bwimo', 219),
(413, 'Mberuka', 219),
(414, 'Mbuye', 219),
(415, 'Gako', 215),
(416, 'Kirenge', 215),
(417, 'Taba', 215),
(420, 'Bugaragara', 220),
(421, 'Kijabagwe', 220),
(422, 'Muvumu', 220),
(423, 'Rubona', 220),
(424, 'Rutonde', 220),
(425, 'Barari', 221),
(426, 'Gahabwa', 221),
(427, 'Misezero', 221),
(428, 'Nyirabirori', 221),
(429, 'Taba', 221),
(430, 'Cyiri', 222),
(431, 'Gasagara', 222),
(432, 'Gikonko', 222),
(433, 'Mbogo', 222),
(434, 'Gabiro', 223),
(435, 'Nyabitare', 223),
(436, 'Nyakingo', 223),
(438, 'Nyeranzi', 223),
(439, 'Akaboti', 224),
(440, 'Bwiza', 224),
(441, 'Sabusaro', 224),
(442, 'Duani', 225),
(443, 'Kibirizi', 225),
(444, 'Muyira', 225),
(445, 'Ruturo', 225),
(446, 'Agahabwa', 226),
(447, 'Gatovu', 226),
(448, 'Impinga', 226),
(449, 'Rubona', 226),
(450, 'gakoma', 227),
(451, 'Kabumbwe', 227),
(452, 'Mamba', 227),
(454, 'Muyaga', 227),
(455, 'Ramba', 227),
(456, 'Cyumba', 228),
(457, 'Muganza', 228),
(458, 'Remera', 228),
(459, 'Rwamiko', 228),
(460, 'Busheshi', 243),
(461, 'Saga', 228),
(462, 'Gatovu', 243),
(463, 'Karama', 243),
(464, 'Baziro', 229),
(465, 'Mara', 243),
(466, 'Kibayi', 229),
(467, 'Muhororo', 243),
(468, 'Kibu', 229),
(469, 'Mugombwa', 229),
(470, 'Mukomacara', 229),
(471, 'Gitega', 230),
(472, 'Nyabiryo', 230),
(473, 'Rugogwe', 243),
(474, 'Ruhashya', 243),
(475, 'Nyabisagara', 230),
(476, 'Runyinya', 230),
(477, 'Buhimba', 244),
(478, 'Gafumba', 244),
(479, 'Bukinanyana', 231),
(480, 'Gikirambwa', 244),
(481, 'Cyimana', 231),
(482, 'Gatovu', 231),
(483, 'Kimirehe', 244),
(484, 'Kagarama', 231),
(485, 'Kimuna', 244),
(486, 'Bweya', 234),
(487, 'Mugogwe', 244),
(488, 'Cyamukuza', 234),
(489, 'Dahwe', 234),
(490, 'Gisagara', 234),
(491, 'Mukande', 234),
(492, 'Higiro', 232),
(493, 'Nyamugari', 232),
(494, 'Nyaruteja', 232),
(495, 'umuranga', 232),
(496, 'Gatoki', 233),
(497, 'Munazi', 233),
(498, 'Rwanza', 233),
(499, 'Shyanda', 233),
(500, 'Zivu', 233),
(501, 'Gishamvu', 235),
(502, 'Nyakibanda', 235),
(503, 'Kamwambi', 245),
(504, 'Kibugazi', 245),
(505, 'Kigarama', 245),
(506, 'Shori', 235),
(507, 'Vumbi', 235),
(508, 'Kigarama', 248),
(509, 'Muyogoro', 248),
(510, 'Rukira', 248),
(511, 'Rukira', 248),
(512, 'Gikombe', 236),
(513, 'Karama', 236),
(514, 'Kibingo', 236),
(515, 'Mataba', 236),
(516, 'Muhembe', 236),
(517, 'Gishihe', 237),
(518, 'Kabatwa', 237),
(519, 'Kabuga', 237),
(520, 'Karambi', 237),
(521, 'Musebeya', 237),
(522, 'Nyabisindu', 237),
(523, 'Rugarama', 237),
(524, 'Shanga', 237),
(525, 'Bwiza', 238),
(526, 'Gasana', 238),
(527, 'Gitovu', 238),
(528, 'Maza', 238),
(529, 'Nyagisenyi', 238),
(530, 'Buremera', 239),
(531, 'Cyarumbo', 239),
(532, 'Kabuye', 239),
(533, 'Mugano', 239),
(534, 'Munini', 239),
(535, 'Shanga', 239),
(536, 'Gatobotobo', 240),
(537, 'Gihindamuyaga', 240),
(540, 'Mutunga', 240),
(541, 'kABUGA', 240),
(542, 'Mwurire', 240),
(543, 'Rusagara', 240),
(545, 'Mubumbano', 241),
(546, 'Nkubi', 241),
(547, 'Sahera', 241),
(548, 'Shali', 241),
(549, 'Butare', 242),
(550, 'Kaburemera', 242),
(551, 'Matyazo', 242),
(552, 'Nyaruhombo', 245),
(553, 'Rukiriro', 245),
(554, 'Gisakura', 246),
(555, 'Kabusanza', 246),
(557, 'Kibanda', 246),
(558, 'Nyangazi', 246),
(559, 'Simba', 246),
(560, 'Akubutare', 247),
(562, 'cyarwasumo', 247),
(563, 'Gitwa', 247),
(564, 'Rango', 247),
(565, 'Gacurabwenge', 247),
(566, 'Gihinda', 249),
(567, 'Gihira', 249),
(568, 'Kigembe', 249),
(569, 'Bitare', 250),
(570, 'Bunyonga', 250),
(571, 'Muganza', 250),
(572, 'Nyamirembe', 250),
(573, 'Bugarama', 251),
(575, 'Kayonza', 251),
(576, 'Kirwa', 251),
(577, 'Mataba', 251),
(578, 'Nyamirama', 251),
(579, 'Busoro', 252),
(580, 'Gaseke', 252),
(581, 'Giko', 252),
(582, 'Muyange', 252),
(583, 'Jenda', 253),
(584, 'Kabugondo', 253),
(586, 'Mbati', 253),
(587, 'Mugina', 253),
(588, 'Nteko', 253),
(589, 'Buhoro', 254),
(590, 'Cyambwe', 254),
(591, 'Karengera', 254),
(592, 'Kivumu', 254),
(593, 'Mpushi', 254),
(594, 'Rukambura', 254),
(595, 'Kabuga', 255),
(596, 'Kizirabonde', 255),
(597, 'Marembo', 255),
(598, 'Mukinga', 256),
(599, 'Bubingo', 256),
(600, 'Kibashumba', 256),
(601, 'Kidahwe', 256),
(602, 'Ngoma', 256),
(603, 'Gitare', 257),
(604, 'Kambyeyi', 257),
(605, 'Kigusa', 257),
(606, 'Nyagishuri', 257),
(607, 'Riyanza', 257),
(608, 'Bihembe', 258),
(609, 'Kigese', 258),
(610, 'Masaka', 258),
(611, 'Sheri', 258),
(612, 'Bugoba', 259),
(613, 'Buguri', 259),
(614, 'Gishyeshye', 259),
(615, 'Murehe', 259),
(616, 'Mwirute', 259),
(617, 'Remera', 259),
(618, 'Taba', 259),
(619, 'Gihara', 260),
(620, 'Kabagezera', 260),
(621, 'Kivumu', 260),
(622, 'Muganza', 260),
(623, 'Ruyenzi', 260),
(624, 'Bulingaga', 261),
(625, 'Kigarama', 261),
(626, 'Kivumu', 261),
(627, 'Makera', 261),
(628, 'Nyarunyinya', 261),
(629, 'Nkingo', 249),
(630, 'sholi', 261),
(631, 'Buranga', 262),
(632, 'Butare', 262),
(633, 'Kavumu', 262),
(634, 'Kibyimba', 262),
(635, 'Ngarama', 262),
(636, 'ngoma', 262),
(637, 'shori', 262),
(638, 'Gisharu', 263),
(639, 'Gitega', 263),
(642, 'Jurwe', 263),
(643, 'Mubuga', 263),
(644, 'Nyakanimba', 263),
(645, 'Rubyiniro', 263),
(646, 'Karambi', 264),
(647, 'Kigwaguro', 264),
(648, 'Rukeri', 264),
(649, 'Remera', 264),
(650, 'Kanyinya', 265),
(651, 'Nganzo', 265),
(652, 'Ntyazo', 265),
(653, 'Nyamirama', 265),
(654, 'Remera', 265),
(655, 'Matyazo', 266),
(656, 'Munazi', 266),
(657, 'Nyagasozi', 266),
(658, 'Rukaragata', 266),
(659, 'Rwasare', 266),
(661, 'Rwigerero', 266),
(662, 'Gashorera', 267),
(663, 'Musangano', 267),
(665, 'Mbuga', 267),
(666, 'Muvumba', 267),
(667, 'Nyarusozi', 267),
(668, 'Gahogo', 268),
(669, 'Gifumba', 268),
(670, 'Gitama', 268),
(672, 'Remera', 268),
(673, 'Mbiriri', 269),
(674, 'Musongati', 269),
(676, 'Ngaru', 269),
(677, 'Rusovu', 269),
(678, 'Gasagara', 270),
(679, 'Gasharu', 270),
(682, 'Gashavu', 270),
(683, 'Karambo', 270),
(685, 'Nyamirambo', 270),
(686, 'Ruhango', 270),
(687, 'Gasave', 271),
(688, 'Kanyana', 271),
(689, 'Kibaga', 271),
(690, 'Mpinga', 271),
(691, 'Nsanga', 271),
(692, 'Kinini', 272),
(693, 'Mbare', 272),
(694, 'Mubuga', 272),
(695, 'Ruli', 272),
(696, 'Bushigishiro', 273),
(697, 'Byimana', 273),
(698, 'Gifurwe', 273),
(699, 'Rambya', 273),
(700, 'Kizimyamuriro', 273),
(701, 'Munini', 273),
(703, 'Gitega', 285),
(704, 'Karama', 285),
(705, 'Ngoma', 285),
(706, 'nyanza', 285),
(709, 'ngiryi', 289),
(712, 'nyanzoga', 285),
(713, 'kigeme', 289),
(715, 'nyabivumu', 289),
(716, 'nyamugari', 289),
(717, 'nzega', 289),
(719, 'remera', 289),
(720, 'bakopfu', 274),
(721, 'gatare', 274),
(722, 'mukongoro', 274),
(723, 'ruganda', 274),
(724, 'shyeru', 274),
(725, 'kavumu', 275),
(726, 'murambi', 275),
(727, 'musenyi', 275),
(728, 'nyabisindu', 275),
(729, 'nyamiyaga', 275),
(730, 'bwana', 276),
(731, 'kamegeri', 276),
(732, 'kirehe', 276),
(733, 'kizi', 276),
(734, 'nyarusiga', 276),
(735, 'rusiza', 276),
(736, 'bugarama', 277),
(737, 'bugarura', 277),
(738, 'gashiha', 277),
(739, 'kiraro', 277),
(740, 'ruhunga', 277),
(741, 'uwindekezi', 277),
(742, 'bwenda', 278),
(743, 'gakanka', 278),
(744, 'kibibi', 278),
(745, 'nyakiza', 278),
(746, 'kagano', 279),
(747, 'mujuga', 279),
(748, 'mukungu', 279),
(749, 'shaba', 279),
(750, 'uwingugu', 279),
(751, 'manwari', 280),
(752, 'mutiwingoma', 280),
(753, 'ngambi', 280),
(754, 'ngara', 280),
(755, 'gitondorero', 288),
(756, 'gitwa', 288),
(757, 'ruhinga', 288),
(759, 'sovu', 288),
(760, 'suti', 288),
(761, 'yonde', 288),
(762, 'gasave', 281),
(764, 'jenda', 281),
(765, 'masagara', 281),
(768, 'masangano', 281),
(769, 'masizi', 281),
(770, 'nyagisozi', 281),
(771, 'gatovu', 282),
(772, 'bitandara', 284),
(773, 'rugano', 282),
(774, 'runege', 282),
(775, 'rusekera', 282),
(776, 'sekera', 282),
(777, 'nyarurambi', 282),
(778, 'buteteri', 283),
(779, 'cyobe', 283),
(780, 'muko', 283),
(781, 'musaraba', 284),
(782, 'mutengeri', 284),
(783, 'nkomane', 284),
(784, 'nyarwungo', 284),
(785, 'twiya', 284),
(786, 'buhoro', 286),
(787, 'gaserenda', 286),
(788, 'gatovu', 286),
(789, 'kaganza', 286),
(790, 'nkumbure', 286),
(791, 'nyamigina', 286),
(792, 'Bigumira', 287),
(793, 'Gahira', 287),
(794, 'Kibyagira', 287),
(795, 'Mudasomwa', 287),
(796, 'Munyege', 287),
(797, 'Rugogwe', 287),
(798, 'Gahondo', 290),
(799, 'Kavumu', 290),
(800, 'Kibinja', 290),
(801, 'Nyanza', 290),
(802, 'Rwesero', 290),
(803, 'kadaho', 292),
(805, 'karama', 292),
(806, 'Nyabinyenga', 292),
(807, 'Nyarurama', 292),
(808, 'Rubona', 292),
(809, 'Cyeru', 293),
(810, 'Gisasa', 293),
(811, 'Mbuye', 293),
(812, 'Mututu', 293),
(813, 'Butatsinda', 294),
(814, 'butara', 294),
(817, 'Gahoro', 294),
(818, 'Gasoro', 294),
(819, 'Mulinja', 294),
(820, 'Cyerezo', 295),
(822, 'gatagara', 295),
(823, 'Kiruri', 295),
(824, 'Mpanga', 295),
(825, 'Ngwa', 295),
(826, 'Nkomero', 295),
(827, 'Gati', 297),
(828, 'Mugina', 297),
(829, 'Muyira', 297),
(830, 'Nyamiyaga', 297),
(831, 'Nyamure', 297),
(832, 'Bugali', 298),
(833, 'Cyotamakara', 298),
(834, 'Kagunga', 298),
(835, 'Katakara', 298),
(836, 'Gahunga', 299),
(837, 'Kabuga', 299),
(838, 'Kirambi', 299),
(839, 'Rurangazi', 299),
(840, 'Gacu', 296),
(841, 'Gishike', 296),
(842, 'Mubuga', 296),
(843, 'Mushirarungu', 296),
(844, 'Runga', 296),
(845, 'Kirarangombe', 301),
(846, 'Nkanda', 301),
(847, 'Nyange', 302),
(848, 'Nteko', 301),
(849, 'Runyombyi', 301),
(850, 'Shororo', 301),
(851, 'coko', 300),
(852, 'Cyahinda', 300),
(853, 'Gasasa', 300),
(854, 'Muhambara', 300),
(855, 'Rutobwe', 300),
(856, 'Gakoma', 302),
(857, 'Kibeho', 302),
(858, 'Mbasa', 302),
(859, 'Mpanda', 302),
(860, 'Rubona', 302),
(861, 'Cyanyirankora', 305),
(862, 'Gahuriro', 305),
(863, 'Kimina', 305),
(864, 'Kivu', 305),
(865, 'Rugerero', 305),
(866, 'Gorwe', 303),
(867, 'Murambi', 303),
(868, 'Nyamabuye', 303),
(869, 'Ramba', 303),
(870, 'rwamiko', 303),
(871, 'Muganza', 311),
(872, 'Rukore', 311),
(873, 'Samiyonga', 311),
(874, 'Uwakiza', 311),
(875, 'Giheta', 304),
(876, 'Ngarurira', 305),
(877, 'Ntwari', 305),
(878, 'Nyarure', 304),
(879, 'bitare', 306),
(880, 'Mukuge', 306),
(881, 'Nyamirama', 306),
(882, 'murama', 306),
(883, 'Nyanza', 306),
(884, 'yaramba', 306),
(885, 'Fugi', 307),
(886, 'Kibangu', 307),
(887, 'Kiyonza', 307),
(888, 'Nyamirama', 307),
(889, 'Rubona', 307),
(890, 'Mbuye', 307),
(891, 'Gihemvu', 308),
(892, 'Kabere', 308),
(893, 'Mishungero', 308),
(894, 'nyabimata', 308),
(895, 'Ruhinga', 308),
(896, 'Maraba', 309),
(898, 'Nkankwa', 311),
(899, 'Nyagisozi', 309),
(900, 'Gitita', 310),
(901, 'Kabere', 310),
(902, 'Remera', 310),
(903, 'Ruyenzi', 310),
(904, 'Umusebeya', 310),
(905, 'Gabiro', 312),
(907, 'Giseke', 312),
(908, 'Nyarugano', 312),
(909, 'Rugogwe', 312),
(910, 'Ruramba', 312),
(911, 'Bunge', 313),
(912, 'Cyuna', 313),
(913, 'Gikunzi', 313),
(914, 'Mariba', 313),
(915, 'Ruranzige', 313),
(916, 'Rusenge', 313),
(917, 'Buhanda', 314),
(918, 'Gitisi', 314),
(919, 'Murana', 314),
(920, 'Rubona', 314),
(921, 'Rwinyana', 314),
(922, 'Kamusenyi', 315),
(923, 'Kirengeri', 315),
(924, 'Mahembe', 315),
(925, 'Mpanda', 315),
(926, 'Muhororo', 315),
(927, 'Ntenyo', 315),
(928, 'Nyakabuye', 315),
(929, 'Bihembe', 316),
(930, 'Karambi', 316),
(931, 'Munanira', 316),
(932, 'remera', 316),
(933, 'Rwesero', 316),
(934, 'Rwogo', 315),
(935, 'Burima', 317),
(936, 'Gisari', 317),
(937, 'Kinazi', 317),
(938, 'Rubona', 317),
(939, 'Rutabo', 317),
(940, 'Bweramvura', 318),
(941, 'Gitinda', 318),
(942, 'Kirwa', 318),
(943, 'Mutunzwe', 318),
(944, 'Nyakogo', 318),
(945, 'Rukina', 318),
(946, 'cyanza', 319),
(947, 'Gisanga', 319),
(948, 'Kabuga', 319),
(949, 'Kizibere', 319),
(950, 'Mbuye', 321),
(951, 'Mwendo', 319),
(952, 'Nyakarekare', 319),
(953, 'Gafunzo', 322),
(954, 'gishweru', 322),
(955, 'Kamujosho', 322),
(956, 'Kigarama', 322),
(957, 'Kabutare', 322),
(958, 'Mutaba', 322),
(959, 'nyabibungu', 322),
(960, 'Saruheshyi', 322),
(961, 'Gako', 320),
(962, 'Kareba', 320),
(963, 'Kayenzi', 320),
(964, 'kebero', 320),
(965, 'Nyagisozi', 320),
(966, 'Nyakabungo', 320),
(967, 'Nyarurama', 320),
(968, 'Buhoro', 321),
(969, 'Bunyogombe', 321),
(970, 'Gikoma', 321),
(971, 'Munini', 321),
(972, 'Musamo', 321),
(973, 'Nyamagana', 321),
(974, 'Rwoga', 322),
(975, 'Biryogo', 3),
(976, 'Kabuye', 3),
(977, 'Kagomasi', 3),
(978, 'Mwendo', 3),
(979, 'Ramiro', 3),
(980, 'Juru', 2),
(981, 'Kabukuba', 2),
(982, 'Mugorore', 2),
(983, 'Musovu', 2),
(984, 'Rwinume', 2),
(985, 'Biharagu', 4),
(986, 'Burenge', 4),
(988, 'Kampeka', 4),
(989, 'Nyakayaga', 4),
(990, 'Bushenyi', 6),
(991, 'Gakomeye', 6),
(992, 'Nyamigina', 6),
(993, 'Rugarama', 6),
(994, 'Gakamba', 15),
(995, 'Kagenge', 15),
(996, 'Kibenga', 15),
(997, 'Kibirizi', 15),
(998, 'Mbyo', 15),
(999, 'Gicaca', 7),
(1000, 'Musenyi', 7),
(1001, 'Nyagihunika', 7),
(1002, 'Rulindo', 7),
(1003, 'Bitaba', 8),
(1004, 'Kagasa', 8),
(1005, 'Rugunga', 8),
(1006, 'Rurenge', 8),
(1007, 'Gihembe', 9),
(1008, 'Murama', 9),
(1009, 'Ngeruka', 9),
(1010, 'Nyakayenzi', 9),
(1011, 'Rutonde', 9),
(1012, 'Kanazi', 14),
(1013, 'Kayumba', 14),
(1014, 'Maranyundo', 14),
(1015, 'Murama', 14),
(1016, 'Nyamata', 14),
(1017, 'Cyugariro', 1),
(1018, 'Kanzenze', 1),
(1019, 'Kibungo', 1),
(1020, 'Gihinga', 5),
(1021, 'Kabuye', 5),
(1022, 'murambi', 5),
(1023, 'Ngenda', 5),
(1024, 'Rugando', 5),
(1025, 'Kabeza', 10),
(1026, 'Karera', 10),
(1027, 'kimaranzara', 10),
(1028, 'Ntarama', 10),
(1029, 'Nyabagendwa', 10),
(1030, 'Bihari', 11),
(1032, 'Gatanga', 11),
(1034, 'Kindama', 11),
(1035, 'Ruhuha', 11),
(1036, 'Batima', 12),
(1037, 'Kintambwe', 12),
(1038, 'Mazane', 12),
(1040, 'Nkanga', 12),
(1041, 'Rwiminazi', 12),
(1042, 'Sharita', 12),
(1043, 'Kabagugu', 13),
(1044, 'Kamabuye', 13),
(1045, 'Nziranziza', 13),
(1046, 'Rebero', 13),
(1047, 'Rutare', 13),
(1048, 'Kimana', 16),
(1049, 'Rugarama', 16),
(1050, 'Teme', 16),
(1051, 'viro', 16),
(1052, 'Gatsibo', 17),
(1053, 'Manishya', 17),
(1054, 'Nyabicwamba', 17),
(1055, 'Nyagahanga', 17),
(1056, 'Bukomane', 18),
(1057, 'Cyabusheshe', 18),
(1058, 'Karubungo', 18),
(1059, 'Mpondwa', 18),
(1060, 'Nyamirama', 18),
(1061, 'Rubira', 18),
(1062, 'Gatoki', 19),
(1063, 'kabaroreI', 19),
(1064, 'Karenge', 19),
(1065, 'Marimba', 19),
(1066, 'Nyabikiri', 19),
(1067, 'Simbwa', 19),
(1068, 'busetsa', 20),
(1069, 'Gituza', 21),
(1070, 'Kageyo', 20),
(1071, 'Kintu', 20),
(1072, 'Akamasine', 21),
(1073, 'Businde', 21),
(1074, 'Kumunini', 21),
(1075, 'Nyabisindu', 21),
(1076, 'Agakomeye', 22),
(1077, 'Akabuye', 22),
(1078, 'Akarambo', 22),
(1079, 'Akavumu', 22),
(1080, 'Kigarama', 22),
(1081, 'Mulinga', 22),
(1082, 'Nyagasambu', 22),
(1083, 'Nyagashenyi', 22),
(1084, 'Tubindi', 22),
(1085, 'Bibare', 23),
(1086, 'Gakorokombe', 23),
(1087, 'Mamfu', 23),
(1088, 'Rumuli', 23),
(1089, 'Taba', 23),
(1090, 'Murambi', 24),
(1091, 'nyamiyaga', 24),
(1092, 'Rwankuba', 24),
(1093, 'Rwimitereri', 24),
(1094, 'Kigasha', 25),
(1095, 'Ngarama', 25),
(1096, 'Nyarubungo', 25),
(1097, 'Rwagakara', 25),
(1098, 'Buyevera', 26),
(1099, 'Nyagihanga', 26),
(1100, 'Nyagitabire', 26),
(1101, 'Butiruka', 27),
(1102, 'Kigabiro', 27),
(1103, 'Nkoronko', 27),
(1104, 'Nyagakombe', 27),
(1105, 'Nyaruhinga', 27),
(1106, 'Rurenge', 27),
(1107, 'Ruhuta', 28),
(1108, 'Kanyangese', 28),
(1109, 'Matare', 28),
(1110, 'Matunguru', 28),
(1111, 'Remera', 28),
(1112, 'Kaburara', 29),
(1113, 'Munini', 29),
(1114, 'Nyamatete', 29),
(1115, 'Rwikiniro', 29),
(1116, 'Akabeza', 49),
(1117, 'Kiyenzi', 51),
(1118, 'Tsima', 49),
(1119, 'Cyarubare', 50),
(1120, 'Gitara', 50),
(1121, 'Kirehe', 50),
(1122, 'Rubimba', 50),
(1123, 'Rubumba', 50),
(1124, 'Cyabajwa', 51),
(1125, 'Cyinzovu', 51),
(1126, 'Kabura', 51),
(1127, 'Rusera', 51),
(1128, 'Bwiza', 52),
(1129, 'Kayonza', 52),
(1130, 'Mburabuturo', 52),
(1131, 'Nyagatovu', 52),
(1132, 'Rugendabari', 52),
(1133, 'Bunyetongo', 53),
(1134, 'Muko', 53),
(1135, 'Murama', 53),
(1136, 'Nyakanazi', 53),
(1137, 'Rusave', 53),
(1138, 'Buhabwa', 54),
(1139, 'Murundi', 54),
(1140, 'Ryamanyoni', 54),
(1141, 'Kageyo', 55),
(1142, 'Migera', 55),
(1143, 'Nyamugali', 55),
(1144, 'Rwesero', 55),
(1145, 'Gahama', 64),
(1146, 'Kirehe', 64),
(1147, 'Bwiyorere', 65),
(1148, 'Kankobwa', 65),
(1149, 'Kamombo', 65),
(1150, 'Munini', 65),
(1151, 'Mwoga', 65),
(1152, 'Saduhembe', 65),
(1153, 'Byiyorere', 66),
(1154, 'Kankobwa', 66),
(1155, 'Mpanga', 66),
(1156, 'Mushenyi', 66),
(1158, 'Nasho', 66),
(1160, 'Nyakabungo', 66),
(1161, 'Rubaya', 66),
(1162, 'Gasarabwayi', 67),
(1163, 'Kabuye', 67),
(1164, 'Mubuga', 67),
(1165, 'Musaza', 67),
(1166, 'Nganda', 67),
(1167, 'bisagara', 68),
(1169, 'Cyamigurwa', 68),
(1170, 'Rwanyamuhanga', 68),
(1171, 'Umutuzo', 68),
(1172, 'Cyambwe', 69),
(1173, 'Kagese', 69),
(1174, 'Ntaruka', 69),
(1175, 'Rubirizi', 69),
(1176, 'Rugoma', 69),
(1177, 'Bukora', 70),
(1178, 'Kagasa', 71),
(1179, 'Kazizi', 71),
(1180, 'Kiyanzi', 71),
(1181, 'Nyamugari', 70),
(1182, 'Mareba', 71),
(1184, 'Nyabitare', 71),
(1185, 'Nyarutunga', 71),
(1187, 'Cyerwa', 73),
(1188, 'Giseri', 73),
(1189, 'mutsindo', 73),
(1190, 'Munege', 73),
(1191, 'Jarama', 74),
(1192, 'Ihanika', 74),
(1193, 'Karenge', 74),
(1195, 'Kibimba', 74),
(1196, 'Kigoma', 74),
(1197, 'Kraba', 75),
(1198, 'Akaziba', 75),
(1199, 'Nyamirambo', 75),
(1200, 'Birenga', 76),
(1201, 'Gahurire', 76),
(1202, 'Karamba', 76),
(1203, 'Kinyonzo', 76),
(1204, 'Umukamba', 76),
(1205, 'Cyamakamba', 77),
(1207, 'Gahima', 77),
(1208, 'Gatonde', 77),
(1209, 'Karenge', 77),
(1210, 'Muhango', 77),
(1211, 'Akabungo', 78),
(1212, 'Mugatare', 78),
(1213, 'Ntaga', 78),
(1214, 'Nyamugali', 78),
(1215, 'Nyange', 78),
(1216, 'Gitaraga', 79),
(1217, 'kigabiro', 79),
(1218, 'Mvumba', 79),
(1219, 'Rurenge', 79),
(1220, 'Sakara', 79),
(1224, 'Kibere', 80),
(1225, 'Mutenderi', 80),
(1226, 'Karwema', 80),
(1228, 'Nyagasozi', 80),
(1229, 'Muzingira', 80),
(1230, 'Bugera', 82),
(1231, 'Kabuye', 82),
(1232, 'Ndekwe', 82),
(1233, 'Buriba', 83),
(1234, 'Kibatsi', 83),
(1235, 'Nyaruvumu', 83),
(1242, 'Nyinya', 83),
(1243, 'Gituza', 84),
(1244, 'Ntovi', 84),
(1246, 'Rubago', 84),
(1250, 'Rubona', 84),
(1251, 'Rwintashya', 84),
(1252, 'Rugarama', 85),
(1253, 'Muhurire', 85),
(1254, 'Musya', 85),
(1260, 'Rugese', 85),
(1265, 'Rujambara', 85),
(1266, 'Rwikubo', 85),
(1267, 'Gafunzo', 86),
(1268, 'Kibonde', 86),
(1269, 'Ruhinga', 87),
(1270, 'Nkanga', 86),
(1271, 'Rukoma', 86),
(1272, 'Nyagasozi', 87),
(1273, 'Nyagatugunda', 87),
(1275, 'Gahembe', 87),
(1276, 'Cyangaju', 88),
(1277, 'Kabeza', 88),
(1278, 'Nyamikamba', 88),
(1279, 'Nyamirembe', 88),
(1280, 'Nyangara', 88),
(1281, 'Nyarurema', 88),
(1283, 'rwensheke', 88),
(1284, 'Bushara', 90),
(1285, 'Cyenkwanzi', 90),
(1286, 'Gikagati', 90),
(1287, 'gikundamvura', 90),
(1288, 'Kaubuga', 90),
(1289, 'Ndengo', 90),
(1291, 'Nyakiga', 90),
(1292, 'Kamate', 91),
(1293, 'Karama', 91),
(1294, 'Kizirakome', 91),
(1295, 'Mbare', 91),
(1296, 'musenyi', 91),
(1297, 'Ndama', 91),
(1298, 'Nyagashanga', 91),
(1299, 'Nyamirama', 91),
(1300, 'rubagabaga', 91),
(1301, 'Rwenyemere', 91),
(1302, 'Rwisirabo', 91),
(1304, 'bayigaburire', 92),
(1305, 'Kaduha', 92),
(1307, 'Kanyeganyege', 92),
(1308, 'Katabagemu', 92),
(1309, 'KIgarama', 92),
(1310, 'Nyakigando', 92),
(1311, 'Rubira', 92),
(1312, 'Rutoma', 92),
(1313, 'Gataba', 89),
(1314, 'Gitenga', 89),
(1316, 'Karambo', 89),
(1317, 'Karujumba', 89),
(1318, 'TOVU', 89),
(1319, 'Bwera', 93),
(1320, 'Byimana', 93),
(1321, 'Cyembogo', 93),
(1322, 'Kagitumba', 93),
(1323, 'Nyabwishongwezi', 93),
(1324, 'Rwentama', 93),
(1325, 'Bitare', 101),
(1326, 'Gakoma', 101),
(1327, 'Mahoro', 101),
(1328, 'mimuri', 101),
(1329, 'Cyabagaya', 101),
(1330, 'Rugari', 101),
(1331, 'Bufunda', 94),
(1332, 'Gatete', 94),
(1334, 'Gishororo', 94),
(1335, 'Gihengeri', 94),
(1336, 'Kagina', 94),
(1337, 'Rugarama', 94),
(1339, 'Kibirizi', 95),
(1340, 'Kijojo', 95),
(1341, 'Musheri', 95),
(1342, 'Ntoma', 95),
(1343, 'Nyagatabire', 95),
(1344, 'Nymiyonga', 95),
(1345, 'RugaramaI', 95),
(1346, 'rugaramaII', 95),
(1347, 'barija', 96),
(1348, 'bushoga', 96),
(1349, 'CyabayagaI', 96),
(1350, 'gakirage', 96),
(1351, 'Kamagiri', 96),
(1352, 'Nsheke', 96),
(1353, 'Nyagatare', 96),
(1354, 'Rutaraka', 96),
(1355, 'Ryabega', 96),
(1356, 'Gahurura', 97),
(1357, 'Gashenyi', 97),
(1358, 'Nyakagarama', 97),
(1359, 'RukomoII', 97),
(1360, 'rurenge', 97),
(1361, 'Cyenjojo', 98),
(1363, 'Gasinga', 98),
(1365, 'Kabare', 98),
(1366, 'kazaza', 98),
(1367, 'Mishenyi', 98),
(1368, 'Rugarama', 98),
(1369, 'Rukorota', 98),
(1370, 'Rutare', 98),
(1371, 'Rwempasha', 98),
(1372, 'Ryeru', 99),
(1373, 'Gacundezi', 99),
(1374, 'Kabeza', 99),
(1375, 'kirebe', 99),
(1376, 'Ntoma', 99),
(1377, 'nyarupfubire', 99),
(1378, 'rutungo', 99),
(1379, 'Rwimiyaga', 99),
(1380, 'Tabagwe', 100),
(1381, 'Gishuro', 100),
(1382, 'Shonga', 100),
(1383, 'Gitengure', 100),
(1384, 'Nkoma', 100),
(1385, 'Nyabitekeri', 100),
(1386, 'Nyagatoma', 100),
(1387, 'mununu', 102),
(1388, 'Nyagasambu', 102),
(1389, 'Nyakagunga', 102),
(1390, 'Nyamirama', 102),
(1391, 'Sasabirago', 102),
(1392, 'Byimana', 103),
(1393, 'Gihumuza', 103),
(1394, 'Kagenzi', 103),
(1395, 'Kanyangese', 103),
(1396, 'Kibare', 103),
(1397, 'Mutamwa', 103),
(1398, 'Runyinya', 103),
(1399, 'Rweri', 105),
(1400, 'Binunga', 104),
(1401, 'Bwinsanga', 104),
(1402, 'Gati', 104),
(1403, 'kavumu', 104),
(1404, 'Kinyana', 104),
(1405, 'ruhimbi', 104),
(1406, 'Ruhunda', 104),
(1407, 'Bicaca', 105),
(1408, 'Bimana', 105),
(1409, 'Kabasore', 105),
(1410, 'Karenge', 105),
(1411, 'Nyabutare', 105),
(1412, 'Bwiza', 106),
(1413, 'Cyanya', 106),
(1415, 'Nyagasenyi', 106),
(1416, 'Sibagire', 106),
(1417, 'Sovu', 106),
(1418, 'Byeza', 107),
(1419, 'Kabare', 107),
(1420, 'Karambi', 107),
(1425, 'Karitutu', 107),
(1427, 'Kitazigurwa', 107),
(1428, 'Murambi', 107),
(1430, 'Nsinda', 107),
(1431, 'Ntebe', 107),
(1432, 'Nyarusange', 107),
(1434, 'Kaduha', 108),
(1435, 'Rweru', 108),
(1436, 'Zinga', 108),
(1437, 'Bununga', 109),
(1438, 'Bwana', 109),
(1439, 'Cyarukamba', 109),
(1440, 'Cyimbazi', 109),
(1441, 'Nkomangwa', 109),
(1447, 'Nyarubuye', 109),
(1448, 'Akabare', 110),
(1449, 'Budahanda', 110),
(1450, 'Kagarama', 110),
(1451, 'Musha', 110),
(1452, 'Nyabisundu', 110),
(1453, 'Nyakabanda', 110),
(1454, 'Akinyambi', 111),
(1455, 'Bujyujyu', 111),
(1456, 'Murehe', 111),
(1457, 'Ntebe', 111),
(1458, 'nyarukombe', 111),
(1459, 'Bicumbi', 112),
(1460, 'Bugeshi', 112),
(1461, 'Mwurire', 112),
(1462, 'Ntunga', 112),
(1463, 'Bihembe', 113),
(1464, 'Gatare', 113),
(1465, 'Gishore', 113),
(1466, 'Munini', 113),
(1467, 'Rwimbogo', 113),
(1468, 'Akanzu', 114),
(1471, 'murama', 114),
(1473, 'Byiza', 115),
(1474, 'Kabatasi', 115),
(1475, 'Kabuye', 115),
(1476, 'Mabare', 115),
(1478, 'Rusenyi', 115),
(1479, 'Buranga', 376),
(1481, 'Gasura', 376),
(1482, 'Gitarama', 376),
(1483, 'Kayenzi', 376),
(1484, 'Kibuye', 376),
(1489, 'Kiniha', 376),
(1490, 'nyarusazi', 376),
(1491, 'Birambo', 323),
(1492, 'Musasa', 323),
(1493, 'Mwendo', 323),
(1495, 'Rugobagoba', 323),
(1496, 'Tongati', 323),
(1497, 'buhoro', 377),
(1498, 'Cyanya', 377),
(1499, 'Kigarama', 377),
(1500, 'Munanira', 377),
(1501, 'Msasa', 377),
(1502, 'Ngoma', 377),
(1503, 'Gasharu', 379),
(1504, 'Gitega', 379),
(1505, 'Kanunga', 379),
(1506, 'Kirambo', 379),
(1507, 'Munanira', 379),
(1511, 'Nyamiringa', 379),
(1512, 'ruhinga', 379),
(1513, 'Rwariro', 379),
(1514, 'Murangara', 382),
(1515, 'Nyagatovu', 382),
(1516, 'Ryaruhanga', 382),
(1517, 'Mubuga', 381),
(1518, 'Narunyinya', 381),
(1519, 'Muhororo', 381),
(1520, 'Nkoto', 381),
(1522, 'Shyembe', 381),
(1523, 'Mukiro', 380),
(1524, 'Bukiro', 380),
(1525, 'Kabaya', 380),
(1526, 'Kamina', 380),
(1527, 'Kareba', 380),
(1528, 'Nyamushishi', 380),
(1529, 'Nzaratsi', 380),
(1531, 'Byogo', 383),
(1535, 'Gisayura', 383),
(1536, 'Kanyenge', 383),
(1537, 'Kinyonzwe', 383),
(1538, 'Murengezo', 383),
(1539, 'Rwufi', 383),
(1540, 'Gisiza', 384),
(1541, 'Gitega', 384),
(1542, 'Gitovu', 384),
(1543, 'Kabuga', 384),
(1544, 'Mubuga', 382),
(1545, 'Mukimba', 382),
(1546, 'Rambura', 382),
(1547, 'rufungo', 384),
(1548, 'ruganda', 384),
(1549, 'rwungo', 384),
(1550, 'Tyazo', 384),
(1551, 'Biguhu', 385),
(1552, 'Mubuga', 384),
(1553, 'Rambura', 384),
(1554, 'Mukimba', 384),
(1555, 'Nyabikeri', 385),
(1556, 'Nyarugwagwa', 385),
(1557, 'Kabingo', 385),
(1558, 'Kinyovu', 385),
(1559, 'Kivumu', 385),
(1560, 'Rubona', 385),
(1561, 'Rugobagoba', 385),
(1563, 'Bigugu', 386),
(1564, 'Bisesero', 386),
(1565, 'Gasata', 386),
(1566, 'Munini', 386),
(1567, 'Nyakamira', 386),
(1568, 'Nyarusanga', 386),
(1569, 'Rubazo', 386),
(1570, 'rubumba', 386),
(1571, 'Bihumbe', 387),
(1572, 'Gakuta', 387),
(1573, 'gisovu', 387),
(1574, 'Gitabura', 387),
(1575, 'Kivumu', 387),
(1576, 'Murehe', 387),
(1577, 'Rutabi', 387),
(1578, 'Bungwe', 324),
(1579, 'Cyahafi', 324),
(1580, 'Gashubi', 324),
(1581, 'Kabarondo', 324),
(1582, 'Ruhindage', 324),
(1584, 'Cyome', 325),
(1585, 'Gatsibo', 325),
(1586, 'Kamasiga', 325),
(1587, 'Karambo', 325),
(1589, 'Ruhanga', 325),
(1590, 'Rusumo', 325),
(1591, 'Bugendabari', 326),
(1592, 'Gatare', 326),
(1593, 'Kirigi', 326),
(1594, 'Kajinge', 326),
(1595, 'Marantima', 326),
(1596, 'runyinya', 326),
(1598, 'Busunzu', 327),
(1599, 'Kabaya', 327),
(1600, 'Mwendo', 327),
(1601, 'Ngoma', 327),
(1602, 'Nyenyeri', 327),
(1603, 'Kageshi', 328),
(1604, 'Kirwa', 328),
(1605, 'Mukore', 328),
(1606, 'Muramba', 328),
(1607, 'Musaraba', 328),
(1608, 'Nyamata', 328),
(1609, 'Rwamamara', 328),
(1610, 'Birembo', 329),
(1611, 'Gitwa', 329),
(1612, 'Murinzi', 329),
(1613, 'Nyamugeyo', 329),
(1614, 'Rugeshi', 329),
(1615, 'Tetero', 329),
(1616, 'Binama', 330),
(1617, 'Butare', 330),
(1618, 'matare', 330),
(1619, 'Rwamiko', 330),
(1620, 'Bugarura', 331),
(1621, 'Gasiza', 331),
(1622, 'Mashya', 331),
(1623, 'Nganzo', 331),
(1624, 'Ngoma', 331),
(1625, 'Rutaraga', 331),
(1626, 'bweramanaa', 332),
(1627, 'Mubuga', 332),
(1628, 'Myiha', 332),
(1629, 'Rugogwe', 332),
(1630, 'Rusororo', 332),
(1632, 'sanza', 332),
(1633, 'Bijyojyo', 333),
(1634, 'Bitabage', 333),
(1635, 'Kabageshi', 333),
(1636, 'Kibanda', 333),
(1638, 'Kinyovi', 333),
(1639, 'Kaseke', 334),
(1640, 'Kazabe', 334),
(1641, 'Mugano', 334),
(1642, 'Nyange', 335),
(1643, 'Rususa', 334),
(1644, 'Torero', 334),
(1645, 'Bambiro', 335),
(1646, 'Gaseke', 335),
(1647, 'Ntsibo', 335),
(1648, 'vuganyama', 335),
(1649, 'Birembo', 336),
(1651, 'Kagano', 336),
(1652, 'Nyabipfura', 336),
(1653, 'Kanyana', 336),
(1654, 'Musenyi', 336),
(1655, 'Nyabipfura', 324),
(1656, 'Rutovu', 336),
(1657, 'Arusha', 337),
(1658, 'Basumba', 337),
(1659, 'Kijote', 337),
(1660, 'Muhe', 337),
(1661, 'Rega', 337),
(1662, 'Bukinanyana', 338),
(1663, 'Gsizi', 338),
(1664, 'gasiza', 339),
(1665, 'gasura', 339),
(1666, 'gisiza', 339),
(1667, 'guriro', 339),
(1668, 'kavumu', 339),
(1669, 'nyamitanzi', 339),
(1670, 'batikoti', 340),
(1671, 'cyamvumba', 340),
(1672, 'gihorwe', 340),
(1673, 'Myuga', 340),
(1674, 'ngando', 340),
(1675, 'rugarama', 340),
(1676, 'busoro', 348),
(1677, 'cyamabuye', 348),
(1678, 'gatagara', 348),
(1679, 'gihirwa', 348),
(1680, 'kadahenda', 348),
(1681, 'karengera', 348),
(1682, 'gatovu', 341),
(1683, 'Kintobo', 341),
(1684, 'Nyamugari', 341),
(1685, 'Rukondo', 341),
(1686, 'Ryinyo', 341),
(1687, 'Gasizi', 342),
(1688, 'Jaba', 342),
(1689, 'Kanyove', 342),
(1690, 'Rubaya', 342),
(1691, 'Rugeshi', 342),
(1692, 'Rukoma', 342),
(1693, 'Rurengeri', 342),
(1694, 'Gisizi', 343),
(1695, 'muringa', 343),
(1696, 'Mwiyanike', 343),
(1697, 'Nkomane', 343),
(1698, 'Nyamasheke', 343),
(1699, 'Rwantobo', 343),
(1700, 'Birembo', 344),
(1701, 'Guriro', 344),
(1702, 'Kibisabo', 344),
(1703, 'Mutaho', 344),
(1704, 'Nyundo', 345),
(1706, 'Rugamba', 344),
(1707, 'Gakoro', 345),
(1708, 'Marangara', 345),
(1709, 'Nyagahondo', 345),
(1710, 'Nyarutembe', 345),
(1711, 'Rurembo', 345),
(1712, 'Tyazo', 345),
(1713, 'Gahondo', 346),
(1714, 'Gitega', 346),
(1715, 'Kirimbobo', 346),
(1716, 'Murambi', 346),
(1717, 'Mwana', 346),
(1719, 'RwazaIGah', 346),
(1720, 'cyimanzovu', 347),
(1721, 'Kanyamitana', 347),
(1722, 'Kintarure', 347),
(1723, 'Mpinga', 347),
(1724, 'Mutanda', 347),
(1725, 'Shaki', 347),
(1726, 'Mpumbu', 349),
(1727, 'Ngoma', 349),
(1728, 'Nyarusange', 349),
(1729, 'Ruvungira', 349),
(1730, 'Gasheke', 350),
(1731, 'Impara', 350),
(1732, 'Kagatamu', 350),
(1733, 'Karusimbi', 350),
(1734, 'Bisumo', 351),
(1735, 'Murambi', 351),
(1736, 'Mutongo', 351),
(1737, 'Rugari', 351),
(1738, 'Butare', 352),
(1740, 'Gitwa', 352),
(1741, 'JArama', 352),
(1742, 'kibingo', 352),
(1743, 'Mubuga', 352),
(1744, 'Gako', 353),
(1747, 'Mubumbano', 353),
(1748, 'Ninzi', 353),
(1749, 'Rwesero', 353),
(1750, 'Shara', 353),
(1751, 'kibogora', 354),
(1752, 'Kigarama', 354),
(1753, 'Kigoya', 354),
(1754, 'Raro', 354),
(1755, 'Susa', 354),
(1756, 'Gasovu', 355),
(1757, 'Gitwe', 355),
(1758, 'Kabuga', 355),
(1759, 'Kagarama', 355),
(1760, 'Rushyarara', 355),
(1761, 'Gashashi', 356),
(1762, 'Gasayo', 356),
(1763, 'Higiro', 356),
(1764, 'Miko', 356),
(1765, 'Mwizi', 356),
(1766, 'Karengera', 357),
(1767, 'Kimpindu', 357),
(1768, 'Muhororo', 355),
(1770, 'Nyarusange', 357),
(1772, 'Gatare', 358),
(1773, 'Mutungo', 358),
(1774, 'Nyakabingo', 358),
(1775, 'Rugali', 358),
(1776, 'Vugangoma', 358),
(1777, 'Gisoke', 359),
(1778, 'Kagarama', 359),
(1779, 'Nyagatare', 359),
(1780, 'Nyakavumu', 359),
(1781, 'Kigabiro', 360),
(1782, 'Kinunga', 360),
(1784, 'Mariba', 360),
(1785, 'Muyange', 360),
(1786, 'Ntango', 360),
(1787, 'Banda', 361),
(1788, 'Gakenke', 361),
(1789, 'Ijurwe', 361),
(1790, 'Murambi', 361),
(1791, 'Kanazi', 362),
(1792, 'Ntendeze', 362),
(1793, 'Save', 362),
(1794, 'Gatereri', 362),
(1795, 'Uwimana', 362),
(1796, 'Nyamugari', 363),
(1797, 'Burimba', 363),
(1798, 'Mugera', 363),
(1799, 'Shangi', 363),
(1800, 'Buringo', 364),
(1801, 'Butaka', 364),
(1802, 'Kabumba', 364),
(1803, 'Mutovu', 364),
(1804, 'Nsherima', 364),
(1805, 'Rusiza', 364),
(1806, 'Bucurabwenge', 365),
(1807, 'Gasiza', 365),
(1809, 'Gihonga', 365),
(1810, 'Kageshi', 365),
(1811, 'Makoro', 365),
(1812, 'Nyacyonga', 365),
(1813, 'Rusura', 365),
(1814, 'Rusigari', 366),
(1815, 'Cyanzarwe', 366),
(1816, 'Gora', 366),
(1817, 'Kinyanzovu', 366),
(1818, 'Mukurizo', 366),
(1819, 'Rwangara', 366),
(1820, 'Rwanzekuma', 366),
(1821, 'Ryabizige', 366),
(1822, 'bugoyi', 367),
(1823, 'Kivumu', 367),
(1824, 'Mahoro', 367),
(1825, 'Mbugangari', 367),
(1826, 'Nengo', 367),
(1827, 'Rubavu', 367),
(1828, 'Umuganda', 367),
(1832, 'Kamuhoza', 368),
(1833, 'Karambo', 368),
(1834, 'Mahoko', 368),
(1835, 'Musabike', 368),
(1836, 'Nkomane', 368),
(1837, 'Rusongati', 368),
(1838, 'Yungwe', 368),
(1839, 'Kanyirabigogo', 423),
(1840, 'Kirerema', 423),
(1841, 'Muramba', 423),
(1842, 'Nyamikongi', 423),
(1843, 'Nyamirango', 423),
(1844, 'Nyaruteme', 423),
(1845, 'Bihungwe', 370),
(1846, 'Kanyundo', 370),
(1847, 'Mucinyiro', 370),
(1848, 'Murindi', 370),
(1849, 'Ndoranyi', 370),
(1850, 'Rungu', 370),
(1851, 'Rwanyakayana', 370),
(1852, 'Bisizi', 371),
(1853, 'Gikombe', 371),
(1854, 'Kanyefurwe', 371),
(1855, 'Nyarushyamba', 371),
(1856, 'Bugomo', 372),
(1857, 'BUsasa', 372),
(1858, 'Kinigi', 372),
(1859, 'Kiraga', 372),
(1860, 'munanira', 372),
(1861, 'Rubona', 372),
(1862, 'Bahimba', 373),
(1863, 'Gatovu', 373),
(1864, 'Kavomo', 373),
(1865, 'Kigarama', 373),
(1866, 'Mukondo', 373),
(1867, 'Nyundo', 373),
(1868, 'Terimbere', 373),
(1869, 'Buhaza', 374),
(1870, 'Burinda', 374),
(1871, 'Byahi', 374),
(1872, 'Gikombe', 374),
(1873, 'Murambi', 374),
(1874, 'Murara', 374),
(1875, 'Rukoko', 374),
(1876, 'Basa', 375),
(1877, 'Gisa', 375),
(1878, 'Rubirizi', 375),
(1879, 'Muhira', 375),
(1880, 'Rugerero', 375),
(1881, 'Rushubi', 375),
(1882, 'rwaza', 375),
(1883, 'Nyange', 389),
(1884, 'Pera', 389),
(1885, 'Ryankana', 389),
(1886, 'Butanda', 390),
(1887, 'Gatereri', 390),
(1888, 'Nyamihanda', 390),
(1889, 'Rwambogo', 390),
(1890, 'Gikungu', 391),
(1891, 'Kiyabo', 391),
(1892, 'Murwa', 391),
(1893, 'Murwa', 391),
(1894, 'Nyamuzi', 391),
(1895, 'Rasano', 391),
(1896, 'Birembo', 393),
(1897, 'Buhokoro', 393),
(1898, 'Kabakobwa', 393),
(1899, 'Kacyuma', 393),
(1900, 'Kamurehe', 393),
(1901, 'Karemereye', 393),
(1902, 'Muti', 393),
(1903, 'Rusayo', 393),
(1904, 'Cyendajuru', 394),
(1905, 'Gakomeye', 394),
(1906, 'Giheke', 394),
(1907, 'Kamashangi', 394),
(1908, 'Kigenge', 394),
(1909, 'Ntura', 394),
(1910, 'Rwega', 394),
(1911, 'Turambi', 394),
(1912, 'Burunga', 395),
(1913, 'Gatsibo', 395),
(1915, 'Gihaya', 395),
(1917, 'Kagara', 395),
(1918, 'Kamatita', 395),
(1919, 'Shagasha', 395),
(1920, 'Kizura', 392),
(1921, 'Mpinga', 392),
(1922, 'Nyamigina', 392),
(1923, 'Cyingwa', 396),
(1924, 'Gahungeri', 396),
(1925, 'Hangabashi', 396),
(1926, 'Mashesha', 396),
(1927, 'Cyangugu', 397),
(1928, 'Gihundwe', 397),
(1929, 'Kamashangi', 397),
(1930, 'Ruganda', 397),
(1931, 'Cyarukara', 398),
(1932, 'Gakoni', 398),
(1933, 'Shara', 398),
(1934, 'Gahinga', 399),
(1935, 'Kabahinda', 399),
(1936, 'Kabasigirira', 399),
(1937, 'Kagarama', 399),
(1939, 'Karambi', 399),
(1940, 'Tara', 399),
(1941, 'Gitwa', 400),
(1942, 'Kamanyemga', 400),
(1943, 'Kangazi', 400),
(1944, 'Kinyaga', 400),
(1945, 'rugabano', 400),
(1946, 'Bigoga', 401),
(1947, 'Bugarura', 401),
(1948, 'ishywa', 401),
(1949, 'Kamagimbo', 401),
(1950, 'Rwenji', 402),
(1951, 'Gatare', 402),
(1952, 'Mataba', 402),
(1953, 'Rukukumbo', 404),
(1954, 'Ryamuhirwa', 402),
(1955, 'Gasebeya', 404),
(1956, 'Gaseke', 404),
(1957, 'Hamavu', 404),
(1958, 'Kiziho', 404),
(1959, 'Mashyuza', 404),
(1960, 'Nyabintare', 404),
(1961, 'Gatare', 405),
(1963, 'Kabagina', 405),
(1964, 'Kabuye', 405),
(1965, 'Kabuye', 405),
(1966, 'Kabuye', 405),
(1967, 'Kabuye', 405),
(1968, 'Kanoga', 405),
(1969, 'Karangiro', 405),
(1970, 'Murambi', 405),
(1971, 'Rusambu', 405),
(1972, 'Butambamo', 406),
(1973, 'Kigenge', 406),
(1974, 'Murya', 406),
(1975, 'nYENJI', 406),
(1976, 'rwinzuki', 406),
(1977, 'karenge', 407),
(1978, 'Muhehwe', 407),
(1979, 'Mushaka', 407),
(1980, 'Rubugu', 407),
(1981, 'ruganda', 407),
(1982, 'Bushaka', 408),
(1983, 'Kabihogo', 408),
(1984, 'Nkira', 408),
(1985, 'Remera', 408),
(1986, 'Bugina', 409),
(1987, 'Congonil', 409),
(1988, 'Mataba', 409),
(1989, 'Murambi', 409),
(1990, 'Shyembe', 409),
(1991, 'Teba', 409),
(1992, 'Bihindure', 410),
(1993, 'Nkora', 410),
(1994, 'Nyagahinika', 410),
(1995, 'Rukaragata', 410),
(1996, 'Bunyoni', 411),
(1997, 'Bunyunju', 411),
(1998, 'Karambi', 411),
(1999, 'Nganzo', 411),
(2000, 'Haniro', 413),
(2001, 'Muyira', 413),
(2002, 'Tangabo', 413),
(2003, 'Mubuga', 414),
(2004, 'Kagano', 414),
(2005, 'Kageyo', 414),
(2006, 'KAgusa', 414),
(2007, 'Karambo', 414),
(2008, 'Kirwa', 415),
(2009, 'mburamazi', 415),
(2010, 'Rugeyo', 415),
(2011, 'Gabiro', 416),
(2013, 'Gisiza', 416),
(2014, 'Murambi', 416),
(2015, 'Nyarubuye', 416),
(2016, 'Biruri', 422),
(2017, 'Kaguriro', 422),
(2018, 'Magaba', 422),
(2019, 'Bumba', 418),
(2020, 'Cyarusera', 418),
(2021, 'Gitwa', 418),
(2022, 'Mageregere', 418),
(2023, 'Busuku', 419),
(2024, 'Cyivugiza', 419),
(2025, 'Mubuga', 419),
(2026, 'Ngoma', 420),
(2027, 'Terimbere', 419),
(2028, 'Gatarare', 420),
(2029, 'Gihira', 420),
(2030, 'Kavumu', 420),
(2031, 'Nyakarera', 420),
(2032, 'Rugasa', 420),
(2034, 'Rundoyi', 420),
(2035, 'Kabona', 421),
(2036, 'mbeli', 421),
(2037, 'Remera', 421),
(2038, 'Ruronde', 421),
(2039, 'Kinyinya', 116),
(2040, 'MuSave', 116),
(2041, 'Mvuzo', 116),
(2042, 'Ngara', 116),
(2043, 'Nkuzuzu', 116),
(2044, 'Nyabikenke', 116),
(2045, 'Nyagisozi', 116),
(2046, 'Karuruma', 117),
(2047, 'Nyamabuye', 117),
(2048, 'Nyamugari', 117),
(2049, 'Gasagara', 119),
(2050, 'Gicaca', 119),
(2051, 'Kibara', 119),
(2052, 'Munini', 119),
(2053, 'Murambi', 119),
(2054, 'Musezero', 120),
(2055, 'Mugango', 120),
(2056, 'Akamatamu', 121),
(2057, 'Bweramvura', 121),
(2058, 'Kabuye', 121),
(2059, 'Kidashya', 121),
(2060, 'Ngiryi', 121),
(2061, 'Agatego', 118),
(2062, 'Buriza', 118),
(2063, 'Muko', 118),
(2064, 'Nkusi', 118),
(2065, 'Nyaburira', 118),
(2066, 'Nyakabungo', 118),
(2067, 'Nyamitanga', 118),
(2068, 'Kamatamu', 127),
(2069, 'Kamutwa', 127),
(2070, 'Kibaza', 127),
(2071, 'kamukina', 128),
(2072, 'Kimihurura', 128),
(2073, 'Rugando', 128),
(2074, 'Bibare', 129),
(2075, 'Kibagabaga', 129),
(2076, 'Nyagatovu', 129),
(2077, 'Gacuriro', 122),
(2078, 'Gasharu', 122),
(2079, 'Kagugu', 122),
(2080, 'Murama', 122),
(2081, 'Bwiza', 123),
(2082, 'Cyaruzinge', 123),
(2083, 'Kibenga', 123),
(2084, 'Masoro', 123),
(2085, 'Mukuyu', 123),
(2086, 'Rudashya', 123),
(2087, 'Butare', 124),
(2088, 'Gasanze', 124),
(2089, 'Gasura', 124),
(2090, 'Gatunga', 124),
(2093, 'Muremure', 124),
(2094, 'Sha', 124),
(2095, 'Shango', 124),
(2096, 'Nyabisindu', 130),
(2097, 'Nyaritarama', 130),
(2098, 'RukiriI', 130),
(2099, 'bisenga', 125),
(2100, 'Gasagara', 125),
(2102, 'Kabugali', 125),
(2103, 'kINYIYA', 125),
(2104, 'nyagahinga', 125),
(2105, 'Ruhanga', 125),
(2106, 'Cyiri', 126),
(2107, 'Gasabo', 126),
(2108, 'Indatemwa', 126),
(2109, 'Kabariza', 126),
(2110, 'Kigabiro', 126),
(2111, 'Gahanga', 131),
(2112, 'Kagasa', 131),
(2114, 'Murinja', 131),
(2115, 'Nunga', 131),
(2116, 'Rwabutenge', 131),
(2117, 'Nyanza', 132),
(2118, 'Gatenga', 132),
(2119, 'Nyarurama', 132),
(2120, 'Kagunga', 133),
(2121, 'Kanserege', 133),
(2122, 'Kinunga', 133),
(2123, 'Kanserege', 134),
(2124, 'Rukatsa', 134),
(2125, 'Kabeza', 135),
(2126, 'Karama', 135),
(2127, 'Musiga', 135),
(2128, 'Samuduha', 135),
(2129, 'Gasharu', 136),
(2130, 'Kicukiro', 136),
(2131, 'Ngoma', 136),
(2132, 'BWERANKONGI', 137),
(2133, 'Ayabaraya', 138),
(2134, 'kigarama', 137),
(2135, 'Nyarurama', 137),
(2136, 'Rwampara', 137),
(2137, 'AkabahimA', 141),
(2138, 'aKabeza', 141),
(2139, 'Gacyamo', 141),
(2140, 'Kigarama', 141),
(2141, 'Kora', 141),
(2142, 'Nyamweru', 142),
(2146, 'Taba', 142),
(2149, 'Kigali', 143),
(2150, 'mwendo', 143),
(2151, 'Nyabugogo', 143),
(2152, 'Ruriba', 143),
(2153, 'Rwesero', 143),
(2154, 'Kamuhoza', 144),
(2155, 'Katabaro', 144),
(2156, 'Kimisagara', 144),
(2157, 'Kankuba', 145),
(2158, 'Kavumu', 145),
(2159, 'Mataba', 145),
(2160, 'Ntungamo', 145),
(2161, 'Nyarurenzi', 145),
(2162, 'Runzenze', 145),
(2163, 'Amahoro', 146),
(2164, 'Kabasengerezi', 146),
(2166, 'Kabeza', 146),
(2167, 'Nyabugogo', 146),
(2168, 'Rugenge', 146),
(2169, 'Tetero', 146),
(2170, 'Ubumwe', 146),
(2171, 'Munanira', 147),
(2172, 'MunaniraII', 147),
(2173, 'nyakabandaI', 147),
(2174, 'nyakabandaII', 147),
(2175, 'gasharu', 148),
(2176, 'Kivugiza', 148),
(2177, 'Mumena', 148),
(2178, 'Rugarama', 148),
(2179, 'Agatare', 150),
(2180, 'Gabiro', 150),
(2181, 'Kiyovu', 150),
(2182, 'Rwampara', 150),
(2183, 'Kabuguru', 149),
(2184, 'KabuguruII', 149),
(2185, 'rwezamenyoI', 149),
(2186, 'rwezamenyoII', 149),
(2187, 'Karugira', 137),
(2188, 'Cyimo', 138),
(2189, 'Gako', 138),
(2190, 'Gitaraga', 138),
(2191, 'Mbare', 138),
(2192, 'Rusheshe', 138),
(2193, 'Gatare', 139),
(2194, 'Niboyi', 139),
(2195, 'Nyakabanda', 139),
(2196, 'Kamashashi', 140),
(2197, 'Nonko', 140),
(2198, 'Rwimbogo', 140),
(2199, 'Kabumgo', 89),
(2201, 'gisovu', 153),
(2202, 'Ndogonzi', 154),
(2203, 'Ruyange', 154),
(2204, 'Rwaza', 156),
(2205, 'Nyamugari', 168),
(2206, 'Karangara', 163),
(2207, 'Kibari', 171),
(2208, 'Rukurura', 174),
(2209, 'Kitazigurwa', 189),
(2211, 'Nyabishambi', 189),
(2212, 'Burube', 191),
(2213, 'Kamwumba', 200),
(2214, 'Mwumba', 208),
(2215, 'Ngarage', 208),
(2216, 'Rurenge', 213),
(2217, 'Gatwa', 216),
(2218, 'Mugote', 217),
(2219, 'Munini', 224),
(2220, 'Nyabikenke', 226),
(2221, 'Rusagara', 226),
(2222, 'Tare', 240),
(2223, 'Ngoma', 242),
(2224, 'Kirwa', 245),
(2225, 'Cubi', 251),
(2226, 'Nyarubuye', 258),
(2228, 'Kabuye', 262),
(2229, 'Rukeli', 264),
(2230, 'Kiyumba', 285),
(2231, 'Kabirizi', 299),
(2232, 'Nyarusange', 296),
(2233, 'Ngarurira', 304),
(2234, 'Ngeri', 304),
(2235, 'Ntwari', 304),
(2236, 'Mwoya', 309),
(2237, 'Rwoga', 316),
(2238, 'Mbuye', 319),
(2239, 'Mubuga', 4),
(2240, 'Rango', 6),
(2241, 'Gikundamvura', 11),
(2242, 'Nkungu', 108),
(2243, 'Kigarama', 114),
(2244, 'Rugarama', 114),
(2245, 'Nawe', 115),
(2246, 'Gaseke', 327),
(2247, 'Gitega', 330),
(2248, 'Nyange', 334),
(2249, 'Kabatesi', 338),
(2250, 'Kareba', 338),
(2251, 'Nyirakigugu', 338),
(2252, 'Nyagisozi', 341),
(2253, 'Muhororo', 357),
(2254, 'Bwanshya', 372),
(2255, 'Rwenji', 401),
(2256, 'Rukukumbo', 402),
(2257, 'ruhinga', 409),
(2258, 'Kabere', 411),
(2259, 'Kabujenje', 411),
(2260, 'Twabugezi', 415),
(2261, 'Kaguriro', 422),
(2262, 'Ngoma', 419),
(2263, 'Kibenga', 126),
(2264, 'Karembure', 131),
(2265, 'Karambo', 132),
(2266, 'Muyange', 134),
(2269, 'Kagina', 136),
(2270, 'Kinyange', 141),
(2271, 'Nzove', 142),
(2272, 'nyarufunzo', 145),
(2273, 'Nyamwera', 55),
(2274, 'Byimana', 60),
(2275, 'Isangano', 60),
(2276, 'Karambi', 60),
(2277, 'Kiyovu', 60),
(2278, 'Gikaya', 56),
(2279, 'Musumba', 56),
(2280, 'rurambi', 56),
(2281, 'syongwe', 56),
(2282, 'Kawangire', 57),
(2283, 'Rukara', 57),
(2284, 'Rwimishinya', 57),
(2285, 'Bugambira', 58),
(2286, 'Nkamba', 58),
(2287, 'Ruyonza', 58),
(2288, 'Umubuga', 58),
(2289, 'Gihinga', 59),
(2290, 'Mbaraga', 59),
(2291, 'Mukoyoyo', 59),
(2293, 'Nkondo', 59),
(2294, 'Butezi', 61),
(2295, 'Muhamba', 61),
(2296, 'Murehe', 61),
(2297, 'Nyagasenyi', 61),
(2298, 'Nyakagezi', 61),
(2299, 'Rubimba', 61),
(2300, 'Curazo', 62),
(2301, 'Cyunuzo', 62),
(2302, 'Muganza', 62),
(2303, 'Nyamiryango', 62),
(2304, 'Rwabutazi', 62),
(2305, 'Rwantonde', 62),
(2306, 'Nyanya', 72),
(2307, 'Kigarama', 72),
(2308, 'Kiremera', 72),
(2309, 'Nyakerere', 64),
(2310, 'Nyankurazo', 72),
(2311, 'Gatarama', 63),
(2312, 'Rugarama', 63),
(2313, 'Ruhanga', 63),
(2314, 'Rwanteru', 63),
(2315, 'Gahama', 64),
(2316, 'Kirehe', 64),
(2317, 'Nyabigera', 64),
(2318, 'Nyabigera', 64),
(2319, 'Nyabikorora', 64),
(2320, 'Mugera', 17),
(2321, 'Gituza', 20),
(2322, 'Gitinda', 26),
(2323, 'Kiyenzi', 49),
(2324, 'Karambi', 54),
(2325, 'Nyarubuye', 102),
(2326, 'Nyamagana', 82),
(2327, 'Kayonza', 93),
(2328, 'Matimba', 93),
(2329, 'gasgura', 172);

-- --------------------------------------------------------

--
-- Table structure for table `centers`
--

CREATE TABLE `centers` (
  `center_id` int(11) NOT NULL,
  `center_name` varchar(1300) NOT NULL,
  `center_status` int(11) DEFAULT 1
) ENGINE=InnoDB DEFAULT CHARSET=utf8mb4 COLLATE=utf8mb4_general_ci;

--
-- Dumping data for table `centers`
--

INSERT INTO `centers` (`center_id`, `center_name`, `center_status`) VALUES
(11, 'Main Branche', 1);

-- --------------------------------------------------------

--
-- Table structure for table `company_account`
--

CREATE TABLE `company_account` (
  `account_id` int(11) NOT NULL,
  `account_amount` varchar(20) NOT NULL,
  `account_client` int(11) NOT NULL,
  `date_time` timestamp NOT NULL DEFAULT current_timestamp() ON UPDATE current_timestamp(),
  `account_description` varchar(120) NOT NULL
) ENGINE=InnoDB DEFAULT CHARSET=utf8mb4 COLLATE=utf8mb4_general_ci;

-- --------------------------------------------------------

--
-- Table structure for table `container`
--

CREATE TABLE `container` (
  `container_id` int(11) NOT NULL,
  `container_name` varchar(20) NOT NULL
) ENGINE=InnoDB DEFAULT CHARSET=utf8mb4 COLLATE=utf8mb4_general_ci;

--
-- Dumping data for table `container`
--

INSERT INTO `container` (`container_id`, `container_name`) VALUES
(1, 'Usage Unique'),
(2, 'Bottle'),
(3, 'Shot/Tot (200ml)'),
(4, '200ml'),
(5, 'Take away'),
(6, 'Box'),
(7, 'Package'),
(8, ' N/A'),
(9, '33cl'),
(10, '65cl'),
(11, '500 ml'),
(12, '30 cl'),
(13, '1 Litre'),
(14, '1.5 Litres'),
(15, 'Canette'),
(16, '1 Scoop'),
(17, '100 Gs'),
(18, '3Pcs/ Place'),
(19, 'Sac'),
(20, 'Case'),
(21, 'Piece');

-- --------------------------------------------------------

--
-- Table structure for table `country`
--

CREATE TABLE `country` (
  `country_id` int(11) NOT NULL,
  `country_name` text NOT NULL,
  `country_status` int(11) NOT NULL
) ENGINE=InnoDB DEFAULT CHARSET=utf8 COLLATE=utf8_general_ci;

--
-- Dumping data for table `country`
--

INSERT INTO `country` (`country_id`, `country_name`, `country_status`) VALUES
(1, ' Rwanda', 1),
(2, 'United Arab Emirates', 1),
(3, 'Afghanistan', 1),
(4, 'Antigua and Barbuda', 1),
(5, 'Anguilla', 1),
(6, 'Albania', 1),
(7, 'Armenia', 1),
(8, 'Netherlands Antilles', 1),
(9, 'Angola', 1),
(10, 'Antarctica', 1),
(11, 'Argentina', 1),
(12, 'American Samoa', 1),
(13, 'Austria', 1),
(14, 'Australia', 1),
(15, 'Aruba', 1),
(16, 'Aland Islands', 1),
(17, 'Azerbaijan', 1),
(18, 'Bosnia & Herzegowina', 1),
(19, 'Barbados', 1),
(20, 'Bangladesh', 1),
(21, 'Belgium', 1),
(22, 'Burkina Faso', 1),
(23, 'Bulgaria', 1),
(24, 'Bahrain', 1),
(25, 'Burundi', 1),
(26, 'Benin', 1),
(27, 'Saint-Barthlemy', 1),
(28, 'Bermuda', 1),
(29, 'Brunei Darussalam', 1),
(30, 'Bolivia', 1),
(31, 'Brazil', 1),
(32, 'Bahamas', 1),
(33, 'Bhutan', 1),
(34, 'Bouvet Island', 1),
(35, 'Botswana', 1),
(36, 'Belarus', 1),
(37, 'Belize', 1),
(38, 'Canada', 1),
(39, 'Cocos (Keeling) Islands', 1),
(40, 'Democratic Republic Of Congo', 1),
(41, 'Central African Republic', 1),
(42, 'Congo', 1),
(43, 'Switzerland', 1),
(44, 'Ivory Coast (Cote d\'Ivoire)', 1),
(45, 'Cook Islands', 1),
(46, 'Chile', 1),
(47, 'Cameroon', 1),
(48, 'China', 1),
(49, 'Colombia', 1),
(50, 'Costa Rica', 1),
(51, 'Cuba', 1),
(52, 'Cape Verde', 1),
(53, 'Christmas Island', 1),
(54, 'Cyprus', 1),
(55, 'Czech Republic', 1),
(56, 'Germany', 1),
(57, 'Djibouti', 1),
(58, 'Denmark', 1),
(59, 'Dominica', 1),
(60, 'Dominican Republic', 1),
(61, 'Algeria', 1),
(62, 'Ecuador', 1),
(63, 'Estonia', 1),
(64, 'Egypt', 1),
(65, 'Western Sahara', 1),
(66, 'Eritrea', 1),
(67, 'Spain', 1),
(68, 'Ethiopia', 1),
(69, 'Finland', 1),
(70, 'Fiji Islands', 1),
(71, 'Falkland Islands (Malvinas)', 1),
(72, 'Micronesia, Federated States of', 1),
(73, 'Faroe Islands', 1),
(74, 'France', 1),
(75, 'Gabon', 1),
(76, 'United Kingdom', 1),
(77, 'Grenada', 1),
(78, 'Georgia', 1),
(79, 'French Guiana', 1),
(80, 'Guernsey', 1),
(81, 'Ghana', 1),
(82, 'Gibraltar', 1),
(83, 'Greenland', 1),
(84, 'Gambia', 1),
(85, 'Guinea', 1),
(86, 'Guadeloupe', 1),
(87, 'Equatorial Guinea', 1),
(88, 'Greece', 1),
(89, 'South Georgia and the South Sandwich Islands', 1),
(90, 'Guatemala', 1),
(91, 'Guam', 1),
(92, 'Guinea-Bissau', 1),
(93, 'Guyana', 1),
(94, 'Hong Kong', 1),
(95, 'Heard and McDonald Islands', 1),
(96, 'Honduras', 1),
(97, 'Croatia (local name: Hrvatska)', 1),
(98, 'Haiti', 1),
(99, 'Hungary', 1),
(100, 'Indonesia', 1),
(101, 'Ireland', 1),
(102, 'Israel', 1),
(103, 'Isle Of Man', 1),
(104, 'India', 1),
(105, 'British Indian Ocean Territory', 1),
(106, 'Iraq', 1),
(107, 'Iran, Islamic Republic of', 1),
(108, 'Iceland', 1),
(109, 'Italy', 1),
(110, 'Jersey', 1),
(111, 'Jamaica', 1),
(112, 'Jordan', 1),
(113, 'Japan', 1),
(114, 'Kenya', 1),
(115, 'Kyrgyzstan', 1),
(116, 'Cambodia (formerly Kampuchea)', 1),
(117, 'Kiribati', 1),
(118, 'Comoros', 1),
(119, 'Saint Kitts (Christopher) and Nevis', 1),
(120, 'Korea(Democratic People\'s Republic of)', 1),
(121, 'Korea(Republic of (South Korea))', 1),
(122, 'Kuwait', 1),
(123, 'Cayman Islands', 1),
(124, 'Kazakhstan', 1),
(125, 'Lao People\'s Democratic Republic', 1),
(126, 'Lebanon', 1),
(127, 'Saint Lucia', 1),
(128, 'Liechtenstein', 1),
(129, 'Sri Lanka', 1),
(130, 'Liberia', 1),
(131, 'Lesotho', 1),
(132, 'Lithuania', 1),
(133, 'Luxembourg', 1),
(134, 'Latvia', 1),
(135, 'Libyan Arab Jamahiriya', 1),
(136, 'Morocco', 1),
(137, 'Monaco', 1),
(138, 'Moldova(Republic of)', 1),
(139, 'Montenegro', 1),
(140, 'Saint Martin', 1),
(141, 'Madagascar', 1),
(142, 'Marshall Islands', 1),
(143, 'Macedonia(the Former Yugoslav Republic of)', 1),
(144, 'Mali', 1),
(145, 'Myanmar', 1),
(146, 'Mongolia', 1),
(147, 'Macao (also spelled Macau)', 1),
(148, 'Northern Mariana Islands', 1),
(149, 'Martinique', 1),
(150, 'Mauritania', 1),
(151, 'Montserrat', 1),
(152, 'Malta', 1),
(153, 'Mauritius', 1),
(154, 'Maldives', 1),
(155, 'Malawi', 1),
(156, 'Mexico', 1),
(157, 'Malaysia', 1),
(158, 'Mozambique', 1),
(159, 'Namibia', 1),
(160, 'New Caledonia', 1),
(161, 'Niger', 1),
(162, 'Norfolk Island', 1),
(163, 'Nigeria', 1),
(164, 'Nicaragua', 1),
(165, 'Netherlands', 1),
(166, 'Norway', 1),
(167, 'Nepal', 1),
(168, 'Nauru', 1),
(169, 'Niue', 1),
(170, 'New Zealand', 1),
(171, 'Oman', 1),
(172, 'Panama', 1),
(173, 'Peru', 1),
(174, 'French Polynesia', 1),
(175, 'Papua New Guinea', 1),
(176, 'Philippines', 1),
(177, 'Pakistan', 1),
(178, 'Poland', 1),
(179, 'St Pierre and Miquelon', 1),
(180, 'Pitcairn Island', 1),
(181, 'Puerto Rico', 1),
(182, 'Palestinian (Territory, Occupied)', 1),
(183, 'Portugal', 1),
(184, 'Palau', 1),
(185, 'Paraguay', 1),
(186, 'Qatar', 1),
(187, 'Reunion', 1),
(188, 'Romania', 1),
(189, 'Serbia', 1),
(190, 'Russian Federation', 1),
(192, 'Saudi Arabia', 1),
(193, 'Solomon Islands', 1),
(194, 'Seychelles', 1),
(195, 'South Sudan', 1),
(196, 'Sweden', 1),
(197, 'Singapore', 1),
(198, 'St Helena', 1),
(199, 'Slovenia', 1),
(200, 'Svalbard and Jan Mayen Islands', 1),
(201, 'Slovakia (Slovak Republic)', 1),
(202, 'Sierra Leone', 1),
(203, 'San Marino', 1),
(204, 'Senegal', 1),
(205, 'Somalia', 1),
(206, 'Suriname', 1),
(207, 'SS Country', 1),
(208, 'Sao Tome and Principe', 1),
(209, 'El Salvador', 1),
(210, 'Syrian Arab Republic', 1),
(211, 'Swaziland', 1),
(212, 'Turks and Caicos Islands', 1),
(213, 'Chad', 1),
(214, 'French Southern and Antarctic Territories', 1),
(215, 'Togo', 1),
(216, 'Thailand', 1),
(217, 'Tajikistan', 1),
(218, 'Tokelau', 1),
(219, 'Timor-Leste', 1),
(220, 'Turkmenistan', 1),
(221, 'Tunisia', 1),
(222, 'Tonga', 1),
(223, 'Turkey', 1),
(224, 'Trinidad and Tobago', 1),
(225, 'Tuvalu', 1),
(226, 'Taiwan(Province of China)', 1),
(227, 'Tanzania(United Republic of)', 1),
(228, 'Ukraine', 1),
(229, 'Uganda', 1),
(230, 'United States Minor Outlying Islands', 1),
(231, 'United States of America', 1),
(232, 'Uruguay', 1),
(233, 'Uzbekistan', 1),
(234, 'Holy See (Vatican City State)', 1),
(235, 'Saint Vincent and the Grenadines', 1),
(236, 'Venezuela', 1),
(237, 'Virgin Islands (British)', 1),
(238, 'Virgin Islands (US)', 1),
(239, 'Viet Nam', 1),
(240, 'Vanautu', 1),
(241, 'Wallis and Futuna Islands', 1),
(242, 'Samoa', 1),
(243, 'Yemen', 1),
(244, 'Mayotte', 1),
(245, 'South Africa', 1),
(246, 'Zambia', 1),
(247, 'Zimbabwe', 1),
(248, 'Kosovo', 1),
(249, 'Andorra', 1),
(250, 'Sudan', 1);

-- --------------------------------------------------------

--
-- Table structure for table `deposit`
--

CREATE TABLE `deposit` (
  `deposit_id` int(11) NOT NULL,
  `deposit_client` int(11) NOT NULL,
  `deposit_cashier` int(11) NOT NULL,
  `deposit_amount` varchar(10) NOT NULL,
  `deposit_description` varchar(2200) NOT NULL,
  `deposit_date_time` timestamp NOT NULL DEFAULT current_timestamp() ON UPDATE current_timestamp()
) ENGINE=InnoDB DEFAULT CHARSET=utf8mb4 COLLATE=utf8mb4_general_ci;

--
-- Dumping data for table `deposit`
--

INSERT INTO `deposit` (`deposit_id`, `deposit_client`, `deposit_cashier`, `deposit_amount`, `deposit_description`, `deposit_date_time`) VALUES
(1, 17, 17, '45000', 'Saving', '2024-11-27 17:33:45');

-- --------------------------------------------------------

--
-- Table structure for table `district`
--

CREATE TABLE `district` (
  `DistrictID` int(11) NOT NULL,
  `ProvinceID` int(11) DEFAULT NULL,
  `DistrictName` varchar(20) DEFAULT NULL,
  `Status` varchar(1) DEFAULT NULL
) ENGINE=InnoDB DEFAULT CHARSET=utf8 COLLATE=utf8_general_ci;

--
-- Dumping data for table `district`
--

INSERT INTO `district` (`DistrictID`, `ProvinceID`, `DistrictName`, `Status`) VALUES
(1, 1, 'Huye', '1'),
(2, 1, 'Gisagara', '1'),
(3, 1, 'Nyanza', '1'),
(4, 2, 'Kayonza', '1'),
(5, 2, 'Rwamagana', '1'),
(6, 3, 'Karongi', '1'),
(7, 3, 'Rusizi', '1'),
(8, 2, 'Kirehe', '1'),
(9, 3, 'Rutsiro', '1'),
(10, 5, 'Gasabo', '1'),
(11, 5, 'Kicukiro', '1'),
(12, 5, 'Nyarugenge', '1'),
(13, 1, 'Kamonyi', '1'),
(14, 1, 'Muhanga', '1'),
(15, 1, 'Nyamagabe', '1'),
(16, 3, 'Ngororero', '1'),
(17, 1, 'Nyaruguru', '1'),
(18, 1, 'Ruhango', '1'),
(19, 3, 'Nyabihu', '1'),
(20, 3, 'Rubavu', '1'),
(21, 3, 'Nyamasheke', '1'),
(22, 2, 'Bugesera', '1'),
(23, 2, 'Gatsibo', '1'),
(24, 2, 'Ngoma', '1'),
(25, 2, 'Nyagatare', '1'),
(26, 4, 'Burera', '1'),
(27, 4, 'Gakenke', '1'),
(28, 4, 'Gicumbi', '1'),
(29, 4, 'Musanze', '1'),
(30, 4, 'Rulindo', '1');

-- --------------------------------------------------------

--
-- Table structure for table `feecharged`
--

CREATE TABLE `feecharged` (
  `charged_id` int(11) NOT NULL,
  `charged_perc` varchar(4) NOT NULL,
  `charged_status` int(11) NOT NULL DEFAULT 1
) ENGINE=InnoDB DEFAULT CHARSET=utf8mb4 COLLATE=utf8mb4_general_ci;

--
-- Dumping data for table `feecharged`
--

INSERT INTO `feecharged` (`charged_id`, `charged_perc`, `charged_status`) VALUES
(1, '0.16', 1);

-- --------------------------------------------------------

--
-- Table structure for table `login`
--

CREATE TABLE `login` (
  `login_student_id` int(11) NOT NULL,
  `login_time` varchar(120) NOT NULL,
  `login_date` varchar(120) NOT NULL,
  `logout_time` varchar(120) NOT NULL,
  `logout_date` varchar(120) NOT NULL,
  `login_day` varchar(120) NOT NULL,
  `logout_day` varchar(120) NOT NULL,
  `login_status` varchar(50) NOT NULL
) ENGINE=MyISAM DEFAULT CHARSET=latin1 COLLATE=latin1_swedish_ci;

-- --------------------------------------------------------

--
-- Table structure for table `main_category`
--

CREATE TABLE `main_category` (
  `main_cat_id` int(11) NOT NULL,
  `main_cat_name` varchar(40) NOT NULL,
  `main_cat_status` varchar(20) NOT NULL
) ENGINE=InnoDB DEFAULT CHARSET=utf8mb4 COLLATE=utf8mb4_general_ci;

--
-- Dumping data for table `main_category`
--

INSERT INTO `main_category` (`main_cat_id`, `main_cat_name`, `main_cat_status`) VALUES
(1, 'SAHR Report', 'Active');

-- --------------------------------------------------------

--
-- Table structure for table `pagination`
--

CREATE TABLE `pagination` (
  `pagination_id` int(11) NOT NULL,
  `pagination_limit` int(11) NOT NULL,
  `pagination_user_id` int(11) NOT NULL,
  `pagination_date` varchar(120) NOT NULL
) ENGINE=InnoDB DEFAULT CHARSET=utf8mb4 COLLATE=utf8mb4_general_ci;

--
-- Dumping data for table `pagination`
--

INSERT INTO `pagination` (`pagination_id`, `pagination_limit`, `pagination_user_id`, `pagination_date`) VALUES
(1, 10, 1, '2024-11-14 12:57:44'),
(2, 12, 15, '2024-09-25 15:44:44'),
(3, 8, 12, '2024-09-26 15:16:35'),
(4, 7, 173, '2024-09-26 12:42:07'),
(5, 7, 2, '2024-10-27 14:10:07'),
(6, 6, 3, '2024-11-14 13:46:37');

-- --------------------------------------------------------

--
-- Table structure for table `position`
--

CREATE TABLE `position` (
  `position_id` int(11) NOT NULL,
  `position_name` text NOT NULL,
  `position_status` int(11) NOT NULL
) ENGINE=InnoDB DEFAULT CHARSET=latin1 COLLATE=latin1_swedish_ci;

--
-- Dumping data for table `position`
--

INSERT INTO `position` (`position_id`, `position_name`, `position_status`) VALUES
(1, 'Super Admin', 1),
(2, 'President(e)', 1),
(3, 'Accountant', 0),
(4, 'Treasurer', 1),
(5, 'Member', 1),
(6, 'Mandataire', 1),
(7, 'IT Officer', 1),
(8, 'Secretary', 1),
(9, 'Client', 1);

-- --------------------------------------------------------

--
-- Table structure for table `province`
--

CREATE TABLE `province` (
  `ProvinceID` int(11) NOT NULL,
  `ProvinceName` varchar(20) DEFAULT NULL,
  `Status` varchar(1) DEFAULT NULL
) ENGINE=InnoDB DEFAULT CHARSET=utf8 COLLATE=utf8_general_ci;

--
-- Dumping data for table `province`
--

INSERT INTO `province` (`ProvinceID`, `ProvinceName`, `Status`) VALUES
(1, 'South', '1'),
(2, 'East', '1'),
(3, 'West', '1'),
(4, 'North', '1'),
(5, 'Kigali city', '1');

-- --------------------------------------------------------

--
-- Table structure for table `registration`
--

CREATE TABLE `registration` (
  `user_id` int(11) NOT NULL,
  `user_othername` varchar(120) NOT NULL,
  `user_name` varchar(120) NOT NULL,
  `user_email` varchar(50) DEFAULT NULL,
  `user_reg_no` varchar(20) DEFAULT NULL,
  `user_phone` varchar(13) DEFAULT NULL,
  `user_gender` varchar(8) DEFAULT NULL,
  `user_photo` varchar(120) NOT NULL,
  `user_country` int(11) NOT NULL,
  `user_cell` int(11) NOT NULL,
  `user_position` int(11) NOT NULL,
  `user_class_id` varchar(20) DEFAULT NULL,
  `username` varchar(50) DEFAULT NULL,
  `user_password` varchar(50) NOT NULL,
  `reg_time_date` varchar(50) DEFAULT NULL,
  `user_status` int(11) NOT NULL,
  `school_id` int(11) NOT NULL,
  `admit_id` int(11) DEFAULT NULL,
  `postgraduate` int(11) DEFAULT NULL,
  `availability` int(11) NOT NULL DEFAULT 1,
  `dob` varchar(20) DEFAULT NULL,
  `martial_status` varchar(12) DEFAULT NULL,
  `cohort` varchar(12) DEFAULT NULL,
  `type_scholarship` varchar(30) DEFAULT NULL,
  `onhall` varchar(20) DEFAULT NULL,
  `center` varchar(120) NOT NULL
) ENGINE=InnoDB DEFAULT CHARSET=latin1 COLLATE=latin1_swedish_ci;

--
-- Dumping data for table `registration`
--

INSERT INTO `registration` (`user_id`, `user_othername`, `user_name`, `user_email`, `user_reg_no`, `user_phone`, `user_gender`, `user_photo`, `user_country`, `user_cell`, `user_position`, `user_class_id`, `username`, `user_password`, `reg_time_date`, `user_status`, `school_id`, `admit_id`, `postgraduate`, `availability`, `dob`, `martial_status`, `cohort`, `type_scholarship`, `onhall`, `center`) VALUES
(1, 'NDABAHARIYE', 'Jean Aime', 'aimegenie@gmail.com', NULL, '0785384384', 'Male', 'images/2024_1731577760.JPG', 1, 286, 1, NULL, 'admin', '21232f297a57a5a743894a0e4a801fc3', 'Sunday 10-11-2024 05:57:10 PM', 1, 1, NULL, NULL, 1, NULL, NULL, NULL, NULL, NULL, '1'),
(9, 'TUGINAMA', 'Mussa', 'tuginamamussa1@gmail.com', NULL, '0788478726', 'Male', 'images/images/man.jpg', 1, 25, 9, NULL, 'mussa', '827ccb0eea8a706c4c34a16891f84e7b', 'Tuesday 19-11-2024 01:24:33 PM', 1, 1, NULL, NULL, 1, NULL, NULL, NULL, NULL, NULL, '11'),
(10, 'KUBWIMANA', 'Fiacre', 'kubwimana@gmail.com', NULL, '0789880999', 'Male', 'images/images/man.jpg', 1, 25, 9, NULL, 'kubwimana', 'a4333c25e7d14bf3d76f5f06d6a97b95', 'Tuesday 19-11-2024 04:49:26 PM', 1, 1, NULL, NULL, 1, NULL, NULL, NULL, NULL, NULL, '11'),
(13, 'GG', 'Gg', 'gx@fdg.bcv', NULL, '0788686877', 'Male', 'images/images/man.jpg', 1, 25, 9, NULL, 'fgf', '827ccb0eea8a706c4c34a16891f84e7b', 'Tuesday 26-11-2024 08:36:23 PM', 1, 1, NULL, NULL, 1, NULL, NULL, NULL, NULL, NULL, '11'),
(14, 'HAKIZIMANA', 'Evariste', 'hakizimana@gmail.com', NULL, '0788876666', 'Male', 'images/images/man.jpg', 1, 25, 9, NULL, 'hakizimana', '827ccb0eea8a706c4c34a16891f84e7b', 'Tuesday 26-11-2024 08:38:02 PM', 1, 1, NULL, NULL, 1, NULL, NULL, NULL, NULL, NULL, '11'),
(15, 'NTABANGANYIMANA', 'Alexis', 'alexis@gmail.com', NULL, '0786566666', 'Male', 'images/images/man.jpg', 1, 25, 9, NULL, 'alexis', '827ccb0eea8a706c4c34a16891f84e7b', 'Wednesday 27-11-2024 04:47:24 PM', 1, 1, NULL, NULL, 1, NULL, NULL, NULL, NULL, NULL, '11'),
(16, 'MUTAGANDA', 'Aloyz', 'aloyz@gmail.com', NULL, '0788876654', 'Male', 'images/images/man.jpg', 1, 25, 9, NULL, 'aloyz', '827ccb0eea8a706c4c34a16891f84e7b', 'Wednesday 27-11-2024 05:26:40 PM', 1, 1, NULL, NULL, 1, NULL, NULL, NULL, NULL, NULL, '11'),
(17, 'MUSABYIMANA', 'Solange', 'solange@gmail.com', NULL, '0788765554', 'Female', 'images/2024_1732726986.png', 1, 25, 9, NULL, 'solange', '358c811ef60b3e28bb49e910f55ff473', 'Wednesday 27-11-2024 05:28:29 PM', 1, 1, NULL, NULL, 1, NULL, NULL, NULL, NULL, NULL, '11');

-- --------------------------------------------------------

--
-- Table structure for table `report`
--

CREATE TABLE `report` (
  `report_id` int(11) NOT NULL,
  `report_user` int(11) NOT NULL,
  `report_cat_id` int(11) NOT NULL,
  `report_date` varchar(30) NOT NULL,
  `report_info` mediumtext NOT NULL,
  `report_image` varchar(221) NOT NULL,
  `report_date_time` timestamp NOT NULL DEFAULT current_timestamp() ON UPDATE current_timestamp(),
  `report_status` int(11) NOT NULL
) ENGINE=InnoDB DEFAULT CHARSET=utf8mb4 COLLATE=utf8mb4_general_ci;

--
-- Dumping data for table `report`
--

INSERT INTO `report` (`report_id`, `report_user`, `report_cat_id`, `report_date`, `report_info`, `report_image`, `report_date_time`, `report_status`) VALUES
(1, 5, 1, '2024-11-14', 'No internet<br />\r\nNo internet<br />\r\n<br />\r\nTry:<br />\r\nRunning Windows Network Diagnostics<br />\r\nERR_INTERNET_DISCONNECTED', 'reports/Jean Aime_NDABAHARIYE_2024_1731575952.JPG', '2024-11-14 10:15:20', 0),
(2, 5, 2, '2024-11-14', 'WhatsApp<br />\r\n Spot Valley Lounge<br />\r\nHome<br />\r\nMain Menus<br />\r\nSub-Menus<br />\r\nRoom<br />\r\n...<br />\r\nResto - Bar - Night Club<br />\r\nImage<br />\r\nFree Delivering in Kigali City<br />\r\nDRINKS :: TeaSearch<br />\r\n<br />\r\n<br />\r\n2,500 Rwf<br />\r\nAfrican Tea<br />\r\n<br />\r\n3,000 Rwf<br />\r\nSpices Tea<br />\r\n<br />\r\n2,500 Rwf<br />\r\nGinger Tea<br />\r\n<br />\r\n2,500 Rwf<br />\r\nLemon Tea<br />\r\n<br />\r\n1,500 Rwf<br />\r\nBlack Tea<br />\r\n<br />\r\n3,500 Rwf<br />\r\nFresh Harvest Green Tea<br />\r\n<br />\r\n1,500 Rwf<br />\r\nHot Milk<br />\r\n<br />\r\n3,000 Rwf<br />\r\nHot Chocolate<br />\r\n<br />\r\n3,500 Rwf<br />\r\nMint Tea<br />\r\n<br />\r\n3,000 Rwf<br />\r\nGreen Tea<br />\r\n<br />\r\n3,500 Rwf<br />\r\nHibiscus Tea<br />\r\n<br />\r\n2,500 Rwf<br />\r\nChai Cai Tea<br />\r\nDRINKS :: CoffeeSearch<br />\r\n<br />\r\n<br />\r\n2,500 Rwf<br />\r\nAfrican Coffee<br />\r\n<br />\r\n2,000 Rwf<br />\r\nBlack Coffee<br />\r\n<br />\r\n1,000 Rwf<br />\r\nEspresso<br />\r\n<br />\r\n1,500 Rwf<br />\r\nDouble Espresso<br />\r\n<br />\r\n2,000 Rwf<br />\r\nAmericano<br />\r\n<br />\r\n2,000 Rwf<br />\r\nLong Black<br />\r\n<br />\r\n2,000 Rwf<br />\r\nCafe Latte<br />\r\n<br />\r\n2,500 Rwf<br />\r\nVanilla Latte<br />\r\n<br />\r\n2,000 Rwf<br />\r\nCappuccino<br />\r\n<br />\r\n2,500 Rwf<br />\r\nCafe Mocha<br />\r\n<br />\r\n2,000 Rwf<br />\r\nCafe Macchiato<br />\r\n<br />\r\n2,500 Rwf<br />\r\nCaramel Macchiato<br />\r\n<br />\r\n2,500 Rwf<br />\r\nFlat White<br />\r\n<br />\r\n2,500 Rwf<br />\r\nCortado<br />\r\n<br />\r\n5,000 Rwf<br />\r\nIrish Coffee<br />\r\nDRINKS :: Ice DrinksSearch<br />\r\n<br />\r\n<br />\r\n2,500 Rwf<br />\r\nIce Capuccino<br />\r\n<br />\r\n2,500 Rwf<br />\r\nIce Latte<br />\r\n<br />\r\n3,000 Rwf<br />\r\nIce Cafe Mocha<br />\r\n<br />\r\n3,000 Rwf<br />\r\nIce Vanilla Latte<br />\r\n<br />\r\n4,000 Rwf<br />\r\nIce Chocolate<br />\r\n<br />\r\n6,000 Rwf<br />\r\nIce Irish Coffe<br />\r\n<br />\r\n3,000 Rwf<br />\r\nLemonade<br />\r\nDRINKS :: FrappersSearch<br />\r\n<br />\r\n<br />\r\n4,000 Rwf<br />\r\nFrappuccino<br />\r\n<br />\r\n4,000 Rwf<br />\r\nCafe Latte Frappe<br />\r\n<br />\r\n4,000 Rwf<br />\r\nVanilla Latte<br />\r\n<br />\r\n4,000 Rwf<br />\r\nMocha Frappe<br />\r\nDRINKS :: Fresh JuiceSearch<br />\r\n<br />\r\n<br />\r\n2,500 Rwf<br />\r\nPineapple Juice<br />\r\n<br />\r\n2,500 Rwf<br />\r\nPassion Juice<br />\r\n<br />\r\n3,000 Rwf<br />\r\nMango Juice<br />\r\n<br />\r\n2,500 Rwf<br />\r\nTree Tomato Juice<br />\r\n<br />\r\n2,500 Rwf<br />\r\nMocktail Juice<br />\r\nDRINKS :: Milk ShakesSearch<br />\r\n<br />\r\n<br />\r\n4,000 Rwf<br />\r\nMango<br />\r\n<br />\r\n4,000 Rwf<br />\r\nStrawberry<br />\r\n<br />\r\n4,000 Rwf<br />\r\nVanilla<br />\r\n<br />\r\n4,000 Rwf<br />\r\nChocolate<br />\r\n<br />\r\n4,000 Rwf<br />\r\nBanana<br />\r\n<br />\r\n4,000 Rwf<br />\r\nPineapple<br />\r\nDRINKS :: SmoothiesSearch<br />\r\n<br />\r\n<br />\r\n6,000 Rwf<br />\r\nSpecial Spot Smoothie<br />\r\n<br />\r\n5,000 Rwf<br />\r\nStrawberry Smoothie Concentrated strawberry topped with ice cream<br />\r\n<br />\r\n5,000 Rwf<br />\r\nGalaxy Smoothie mango, vanilla shake, honey, dices of fruits<br />\r\n<br />\r\n5,000 Rwf<br />\r\nKing Smoothie A mix fruits topped with ice cream<br />\r\nDRINKS :: BralirwaSearch<br />\r\n<br />\r\n<br />\r\n15,000 Rwf<br />\r\nMutzing 65cl<br />\r\n<br />\r\n1,000 Rwf<br />\r\nMutzing 33cl<br />\r\n<br />\r\n2,500 Rwf<br />\r\nDraught Mutzing<br />\r\n<br />\r\n2,000 Rwf<br />\r\nPrimus<br />\r\n<br />\r\n1,500 Rwf<br />\r\nPrimus Medium<br />\r\n<br />\r\n1,200 Rwf<br />\r\nAmstel<br />\r\n<br />\r\n3,000 Rwf<br />\r\nDraught Amstel<br />\r\n<br />\r\n1,500 Rwf<br />\r\nHeineken<br />\r\n<br />\r\n2,000 Rwf<br />\r\nHeineken Canette 0% Alch<br />\r\n<br />\r\n2,500 Rwf<br />\r\nHeineken Canette With Alch<br />\r\n<br />\r\n1,500 Rwf<br />\r\nLegend<br />\r\nDRINKS :: SkolSearch<br />\r\n<br />\r\n<br />\r\n1,200 Rwf<br />\r\nSkol Lager<br />\r\n<br />\r\n2,000 Rwf<br />\r\nSkol Malt 65cl<br />\r\n<br />\r\n1,000 Rwf<br />\r\nSkol Malt 33cl<br />\r\n<br />\r\n1,200 Rwf<br />\r\nSkol Gatanu<br />\r\n<br />\r\n1,200 Rwf<br />\r\nSkol Pulse<br />\r\n<br />\r\n2,000 Rwf<br />\r\nSkol Canette<br />\r\n<br />\r\n2,000 Rwf<br />\r\nVirunga 65cl<br />\r\n<br />\r\n1,500 Rwf<br />\r\nVirunga Medium<br />\r\n<br />\r\n1,500 Rwf<br />\r\nVirunga Small<br />\r\nDRINKS :: Soft Drinks, JuicesSearch<br />\r\n<br />\r\n<br />\r\n1,000 Rwf<br />\r\nEnergy<br />\r\n<br />\r\n1,200 Rwf<br />\r\nFanta 500 ml<br />\r\n<br />\r\n1,000 Rwf<br />\r\nFanta 30 cl<br />\r\n<br />\r\n1,500 Rwf<br />\r\nPlastic Soda<br />\r\n<br />\r\n1,500 Rwf<br />\r\nInyange Juice<br />\r\n<br />\r\n1,500 Rwf<br />\r\nJuice Malt<br />\r\n<br />\r\n1,000 Rwf<br />\r\nPanache<br />\r\n<br />\r\n3,500 Rwf<br />\r\nRed Bull<br />\r\n<br />\r\n2,000 Rwf<br />\r\nInyange H20 1 Litre<br />\r\n<br />\r\n1,000 Rwf<br />\r\nInyange H20 500 ml<br />\r\n<br />\r\n2,000 Rwf<br />\r\nNil 1.5 Litres<br />\r\n<br />\r\n1,000 Rwf<br />\r\nNil 500 ml<br />\r\n<br />\r\n3,000 Rwf<br />\r\nBavaria 0% Alch<br />\r\nDRINKS :: Other BeersSearch<br />\r\n<br />\r\n<br />\r\n3,500 Rwf<br />\r\nBavaria Alcohol<br />\r\n<br />\r\n2,000 Rwf<br />\r\nBrok Bottle<br />\r\n<br />\r\n2,500 Rwf<br />\r\nBrok Canette<br />\r\n<br />\r\n2,000 Rwf<br />\r\nGuiness Bottle<br />\r\n<br />\r\n2,500 Rwf<br />\r\nGuiness Bottle<br />\r\n<br />\r\n4,000 Rwf<br />\r\nLeffe<br />\r\n<br />\r\n4,000 Rwf<br />\r\nSavana<br />\r\n<br />\r\n1,500 Rwf<br />\r\nTurbo King<br />\r\n<br />\r\n2,000 Rwf<br />\r\nTursker Lager<br />\r\n<br />\r\n2,000 Rwf<br />\r\nTursker Malt<br />\r\n<br />\r\n3,000 Rwf<br />\r\nBacardi Cocktail<br />\r\n<br />\r\n2,500 Rwf<br />\r\nExo<br />\r\n<br />\r\n2,500 Rwf<br />\r\nSmirnoff Blackice<br />\r\n<br />\r\n3,000 Rwf<br />\r\nSmirnoff Canette<br />\r\nDRINKS :: LiqioursSearch<br />\r\n<br />\r\n<br />\r\n8,000 Rwf<br />\r\nAmarula Shot/Tot (200ml)<br />\r\n<br />\r\n60,000 Rwf<br />\r\nAmarula Bottle<br />\r\n<br />\r\n10,000 Rwf<br />\r\nBaileys Shot/Tot (200ml)<br />\r\n<br />\r\n90,000 Rwf<br />\r\nBaileys Bottle<br />\r\n<br />\r\n10,000 Rwf<br />\r\nSheridar\'s Shot/Tot (200ml)<br />\r\n<br />\r\n80,000 Rwf<br />\r\nSheridar\'s Bottle<br />\r\n<br />\r\n4,000 Rwf<br />\r\nCointreau Shot/Tot (200ml)<br />\r\n<br />\r\n90,000 Rwf<br />\r\nCointreau Bottle<br />\r\n<br />\r\n5,000 Rwf<br />\r\nTia Maria Shot/Tot (200ml)<br />\r\n<br />\r\n80,000 Rwf<br />\r\nTia Maria Bottle<br />\r\n<br />\r\n4,000 Rwf<br />\r\nMalibu Shot/Tot (200ml)<br />\r\n<br />\r\n80,000 Rwf<br />\r\nMalibu Bottle<br />\r\n<br />\r\n4,000 Rwf<br />\r\nKhalua Shot/Tot (200ml)<br />\r\n<br />\r\n80,000 Rwf<br />\r\nKhalua Bottle<br />\r\n<br />\r\n3,500 Rwf<br />\r\nJagamaester Shot/Tot (200ml)<br />\r\n<br />\r\n60,000 Rwf<br />\r\nJagamaester Bottle<br />\r\nDRINKS :: TequillaSearch<br />\r\n<br />\r\n<br />\r\n5,000 Rwf<br />\r\nTequila Patron Shot/Tot (200ml)<br />\r\n<br />\r\n150,000 Rwf<br />\r\nTequila Patron Bottle<br />\r\n<br />\r\n3,500 Rwf<br />\r\nTequila Camino Shot/Tot (200ml)<br />\r\n<br />\r\n50,000 Rwf<br />\r\nTequila Camino Bottle<br />\r\n<br />\r\n5,000 Rwf<br />\r\nTequila Olmeca Sliver Shot/Tot (200ml)<br />\r\n<br />\r\n80,000 Rwf<br />\r\nTequila Olmeca Sliver Bottle<br />\r\n<br />\r\n5,000 Rwf<br />\r\nTequila Olmeca Gold Shot/Tot (200ml)<br />\r\n<br />\r\n80,000 Rwf<br />\r\nTequila Olmeca Gold Bottle<br />\r\n<br />\r\n5,000 Rwf<br />\r\nTequila Olmeca Dark Chocolate Shot/Tot (200ml)<br />\r\n<br />\r\n70,000 Rwf<br />\r\nTequila Olmeca Dark Chocolate Bottle<br />\r\nDRINKS :: GinSearch<br />\r\n<br />\r\n<br />\r\n3,000 Rwf<br />\r\nGordon Shot/Tot (200ml)<br />\r\n<br />\r\n50,000 Rwf<br />\r\nGordon Bottle<br />\r\n<br />\r\n4,000 Rwf<br />\r\nVine Shot/Tot (200ml)<br />\r\n<br />\r\n50,000 Rwf<br />\r\nVine Bottle<br />\r\n<br />\r\n5,000 Rwf<br />\r\nHendricks Gin Shot/Tot (200ml)<br />\r\n<br />\r\n180,000 Rwf<br />\r\nHendricks Gin Bottle<br />\r\n<br />\r\n4,000 Rwf<br />\r\nBeefeater Shot/Tot (200ml)<br />\r\n<br />\r\n60,000 Rwf<br />\r\nBeefeater Bottle<br />\r\n<br />\r\n180,000 Rwf<br />\r\nVirunga Gin Bottle<br />\r\n<br />\r\n10,000 Rwf<br />\r\nKonyagi Big Bottle<br />\r\n<br />\r\n7,000 Rwf<br />\r\nKonyagi Half Bottle<br />\r\n<br />\r\n4,000 Rwf<br />\r\nKonyagi Small Bottle<br />\r\n<br />\r\n17,000 Rwf<br />\r\nGirbeys Big Bottle<br />\r\n<br />\r\n4,500 Rwf<br />\r\nGirbeys Small Bottle<br />\r\nDRINKS :: RumSearch<br />\r\n<br />\r\n<br />\r\n4,000 Rwf<br />\r\nCaptain Margan Shot/Tot (200ml)<br />\r\n<br />\r\n70,000 Rwf<br />\r\nCaptain Margan Bottle<br />\r\n<br />\r\n3,000 Rwf<br />\r\nBacardi White Shot/Tot (200ml)<br />\r\n<br />\r\n50,000 Rwf<br />\r\nBacardi White Bottle<br />\r\n<br />\r\n2,500 Rwf<br />\r\nBacardi Cocktail Shot/Tot (200ml)<br />\r\n<br />\r\n40,000 Rwf<br />\r\nBacardi Cocktail Bottle<br />\r\n<br />\r\n3,000 Rwf<br />\r\nMalibu Shot/Tot (200ml)<br />\r\n<br />\r\n60,000 Rwf<br />\r\nMalibu Bottle<br />\r\nDRINKS :: ApertifsSearch<br />\r\n<br />\r\n<br />\r\n8,000 Rwf<br />\r\nMartini Bianco Shot/Tot (200ml)<br />\r\n<br />\r\n50,000 Rwf<br />\r\nMartini Bianco Bottle<br />\r\n<br />\r\n8,000 Rwf<br />\r\nMartini Rosso Shot/Tot (200ml)<br />\r\n<br />\r\n50,000 Rwf<br />\r\nMartini Rosso Bottle<br />\r\n<br />\r\n8,000 Rwf<br />\r\nMartini Rossi Shot/Tot (200ml)<br />\r\n<br />\r\n50,000 Rwf<br />\r\nMartini Rossi Bottle<br />\r\n<br />\r\n8,000 Rwf<br />\r\nMartini Extra Dry Shot/Tot (200ml)<br />\r\n<br />\r\n50,000 Rwf<br />\r\nMartini Extra Dry Bottle<br />\r\nDRINKS :: WhiskySearch<br />\r\n<br />\r\n<br />\r\n4,000 Rwf<br />\r\nJameson (Irish) Shot/Tot (200ml)<br />\r\n<br />\r\n70,000 Rwf<br />\r\nJameson (Irish) Bottle<br />\r\n<br />\r\n5,000 Rwf<br />\r\nJameson Black Shot/Tot (200ml)<br />\r\n<br />\r\n90,000 Rwf<br />\r\nJameson Black Bottle<br />\r\n<br />\r\n3,000 Rwf<br />\r\nLabel 5 Shot/Tot (200ml)<br />\r\n<br />\r\n60,000 Rwf<br />\r\nLabel 5 Bottle<br />\r\n<br />\r\n3,000 Rwf<br />\r\nRed Label Shot/Tot (200ml)<br />\r\n<br />\r\n40,000 Rwf<br />\r\nRed Label Bottle<br />\r\n<br />\r\n5,000 Rwf<br />\r\nDouble Black Shot/Tot (200ml)<br />\r\n<br />\r\n150,000 Rwf<br />\r\nDouble Black Bottle<br />\r\n<br />\r\n3,500 Rwf<br />\r\nBallantine 12 Shot/Tot (200ml)<br />\r\n<br />\r\n70,000 Rwf<br />\r\nBallantine 12 Bottle<br />\r\n<br />\r\n3,000 Rwf<br />\r\nBallantine Big Shot/Tot (200ml)<br />\r\n<br />\r\n60,000 Rwf<br />\r\nBallantine Big Bottle<br />\r\n<br />\r\n4,000 Rwf<br />\r\nBlack Label Shot/Tot (200ml)<br />\r\n<br />\r\n110,000 Rwf<br />\r\nBlack Label Bottle<br />\r\n<br />\r\n4,500 Rwf<br />\r\nChivas 12 Shot/Tot (200ml)<br />\r\n<br />\r\n100,000 Rwf<br />\r\nChivas 12 Bottle<br />\r\n<br />\r\n5,500 Rwf<br />\r\nChivas 18 Shot/Tot (200ml)<br />\r\n<br />\r\n210,000 Rwf<br />\r\nChivas 18 Bottle<br />\r\n<br />\r\n3,000 Rwf<br />\r\nJ&B Shot/Tot (200ml)<br />\r\n<br />\r\n50,000 Rwf<br />\r\nJ&B Bottle<br />\r\n<br />\r\n5,500 Rwf<br />\r\nGlenfiddich 12 Shot/Tot (200ml)<br />\r\n<br />\r\n150,000 Rwf<br />\r\nGlenfiddich 12 Bottle<br />\r\n<br />\r\n8,000 Rwf<br />\r\nGlenfiddich 15 Shot/Tot (200ml)<br />\r\n<br />\r\n200,000 Rwf<br />\r\nGlenfiddich 15 Bottle<br />\r\n<br />\r\n10,000 Rwf<br />\r\nGlenfiddich 18 Shot/Tot (200ml)<br />\r\n<br />\r\n260,000 Rwf<br />\r\nGlenfiddich 18 Bottle<br />\r\n<br />\r\n2,500 Rwf<br />\r\nGrant Shot/Tot (200ml)<br />\r\n<br />\r\n40,000 Rwf<br />\r\nGrant Bottle<br />\r\n<br />\r\n5,000 Rwf<br />\r\nJack Daniel Shot/Tot (200ml)<br />\r\n<br />\r\n100,000 Rwf<br />\r\nJack Daniel Bottle<br />\r\n<br />\r\n6,000 Rwf<br />\r\nJack Daniel Honey Shot/Tot (200ml)<br />\r\n<br />\r\n110,000 Rwf<br />\r\nJack Daniel Honey Bottle<br />\r\n<br />\r\n4,000 Rwf<br />\r\nBond 7 Small Bottle<br />\r\n<br />\r\n15,000 Rwf<br />\r\nBond 7 Big Bottle<br />\r\nDRINKS :: CognacSearch<br />\r\n<br />\r\n<br />\r\n8,000 Rwf<br />\r\nHennessy VSOP Shot/Tot (200ml)<br />\r\n<br />\r\n250,000 Rwf<br />\r\nHennessy VSOP Bottle<br />\r\n<br />\r\n5,000 Rwf<br />\r\nHennessy VS Shot/Tot (200ml)<br />\r\n<br />\r\n160,000 Rwf<br />\r\nHennessy VS Bottle<br />\r\n<br />\r\n5,500 Rwf<br />\r\nCourvoisier Shot/Tot (200ml)<br />\r\n<br />\r\n150,000 Rwf<br />\r\nCourvoisier Bottle<br />\r\n<br />\r\n500,000 Rwf<br />\r\nABK XO Bottle<br />\r\n<br />\r\n8,000 Rwf<br />\r\nRemy Martin Shot/Tot (200ml)<br />\r\n<br />\r\n230,000 Rwf<br />\r\nRemy Martin Bottle<br />\r\n<br />\r\n6,000 Rwf<br />\r\nMartell VS Shot/Tot (200ml)<br />\r\n<br />\r\n150,000 Rwf<br />\r\nMartell VS Bottle<br />\r\n<br />\r\n8,000 Rwf<br />\r\nMartell VSOP Shot/Tot (200ml)<br />\r\n<br />\r\n250,000 Rwf<br />\r\nMartell VSOP Bottle<br />\r\nDRINKS :: AbsolutesSearch<br />\r\n<br />\r\n<br />\r\n4,000 Rwf<br />\r\nAbsolute Vodka Shot/Tot (200ml)<br />\r\n<br />\r\n60,000 Rwf<br />\r\nAbsolute Vodka Bottle<br />\r\n<br />\r\n4,000 Rwf<br />\r\nAbsolute Vanilla Shot/Tot (200ml)<br />\r\n<br />\r\n60,000 Rwf<br />\r\nAbsolute Vanilla Bottle<br />\r\n<br />\r\n4,000 Rwf<br />\r\nAbsolute Mandrine Shot/Tot (200ml)<br />\r\n<br />\r\n60,000 Rwf<br />\r\nAbsolute Mandrine Bottle<br />\r\n<br />\r\n4,000 Rwf<br />\r\nAbsolute Citron Shot/Tot (200ml)<br />\r\n<br />\r\n60,000 Rwf<br />\r\nAbsolute Citron Bottle<br />\r\nDRINKS :: Wines by BottleSearch<br />\r\n<br />\r\n<br />\r\n20,000 Rwf<br />\r\nBaron D\'Arignac Bottle<br />\r\n<br />\r\n20,000 Rwf<br />\r\nDomaine Bergeon Bottle<br />\r\n<br />\r\n20,000 Rwf<br />\r\nDrosty Bottle<br />\r\n<br />\r\n20,000 Rwf<br />\r\nFour Cousins Bottle<br />\r\n<br />\r\n30,000 Rwf<br />\r\nNederburg Bottle<br />\r\n<br />\r\n20,000 Rwf<br />\r\nPintanegra Bottle<br />\r\n<br />\r\n20,000 Rwf<br />\r\nRoberertson Bottle<br />\r\n<br />\r\n20,000 Rwf<br />\r\nValdepablo Bottle<br />\r\nDRINKS :: House WineSearch<br />\r\n<br />\r\n<br />\r\n1,500 Rwf<br />\r\nAgasusuruko Bottle<br />\r\n<br />\r\n1,500 Rwf<br />\r\nAgasusuruko Canette<br />\r\nDRINKS :: Sparkling WinesSearch<br />\r\n<br />\r\n<br />\r\n30,000 Rwf<br />\r\nClassic White Bottle<br />\r\n<br />\r\n30,000 Rwf<br />\r\nGran Balloon Bottle<br />\r\n<br />\r\n30,000 Rwf<br />\r\nPol Remy Bottle<br />\r\n<br />\r\n25,000 Rwf<br />\r\nMuscadol Bottle<br />\r\n<br />\r\n35,000 Rwf<br />\r\nBaron D\'Arignac Bottle<br />\r\n<br />\r\n35,000 Rwf<br />\r\nCastel Bottle<br />\r\n<br />\r\n35,000 Rwf<br />\r\nDela Pierre Bottle<br />\r\n<br />\r\n30,000 Rwf<br />\r\nMassotine Bottle<br />\r\nDRINKS :: Wine by GlassSearch<br />\r\n<br />\r\n<br />\r\n4,000 Rwf<br />\r\nRed Sweet Wine Bottle<br />\r\n<br />\r\n4,000 Rwf<br />\r\nRed Dry Wine Bottle<br />\r\n<br />\r\n4,000 Rwf<br />\r\nWhite Sweet Wine Bottle<br />\r\n<br />\r\n4,000 Rwf<br />\r\nWhite Dry Wine Bottle<br />\r\nDRINKS :: ChampagneSearch<br />\r\n<br />\r\n<br />\r\n350,000 Rwf<br />\r\nRuinart Bottle<br />\r\n<br />\r\n180,000 Rwf<br />\r\nMoet Bottle<br />\r\n<br />\r\n200,000 Rwf<br />\r\nVeuve Clickot Bottle<br />\r\nTOBACCO :: IntoreSearch<br />\r\n<br />\r\n<br />\r\n3,500 Rwf<br />\r\nIntore Box<br />\r\nTOBACCO :: StrawberrySearch<br />\r\n<br />\r\n<br />\r\n3,500 Rwf<br />\r\nStrawberry Box<br />\r\nTOBACCO :: DunhilSearch<br />\r\n<br />\r\n<br />\r\n5,000 Rwf<br />\r\nDunhil Box<br />\r\nOUR KITCHEN :: Hot Starter / SoupsSearch<br />\r\n<br />\r\n<br />\r\n3,000 Rwf<br />\r\nMixed Vegetable Soup Onions, carrots, garlic, baby marrow and spinach<br />\r\n<br />\r\n3,000 Rwf<br />\r\nGinger Carrot Soup Onions, carrots, garlic, ginger<br />\r\n<br />\r\n3,000 Rwf<br />\r\nTomato & Basil Soup Tomato, onions, garlic, fresh basil<br />\r\n<br />\r\n4,000 Rwf<br />\r\nMushroom Soup Mushroom, onions, garlic, fresh milk<br />\r\nOUR KITCHEN :: Cold Starter SaladsSearch<br />\r\n<br />\r\n<br />\r\n6,000 Rwf<br />\r\nSpot Salad (Avocado, eggs, olives, onions, cornichons, tomato, lettuce, cheese, ham, fried sambaza)<br />\r\n<br />\r\n4,500 Rwf<br />\r\nFresh Garden Salad (A colorfully mix of lettuce, tomato, cucumber, green paper, carrots, feta cheese, toasted bread)<br />\r\n<br />\r\n5,000 Rwf<br />\r\nChicken Salad (Chicken slices, lettuce, tomatoes, eggs, onions, toasted bread)<br />\r\n<br />\r\n2,000 Rwf<br />\r\nKachumbari Salad<br />\r\nOUR KITCHEN :: SnacksSearch<br />\r\n<br />\r\n<br />\r\n3,500 Rwf<br />\r\nSamosa Plater (3pcs with chips and salad)<br />\r\n<br />\r\n5,000 Rwf<br />\r\nChicken Drumstick (3pcs of lollipops or wings with chips and salad)<br />\r\n<br />\r\n3,500 Rwf<br />\r\nEgg Roll With Chapatti (Served with fries and salad)<br />\r\n<br />\r\n6,000 Rwf<br />\r\nWraps And Sahwarmas Chicken (Served with fries)<br />\r\n<br />\r\n5,000 Rwf<br />\r\nWraps And Sahwarmas Beef Quesadilla Wrapp (Served with fries)<br />\r\n<br />\r\n3,500 Rwf<br />\r\nVegetable Wrap (Served with fries)<br />\r\n<br />\r\n6,000 Rwf<br />\r\nSpecial Chicken<br />\r\n<br />\r\n5,500 Rwf<br />\r\nSpecial Beef Shawarma<br />\r\n<br />\r\n10,000 Rwf<br />\r\nSpot Valley Shawarma (A mix of beef and chicken)<br />\r\nOUR KITCHEN :: Sandwiches and BurgersSearch<br />\r\n<br />\r\n<br />\r\n6,500 Rwf<br />\r\nSpot Special Sandwich (3 layers of bread, onions, tomato, ham, cheese, 2 eggs omelet, chicken served with fries)<br />\r\n<br />\r\n5,500 Rwf<br />\r\nClub Sandwich (Ham, cheese, chicken, vegetables, in toasted bread)<br />\r\n<br />\r\n8,000 Rwf<br />\r\nDouble King Burger (2 meat burger, 2 eggs omelet, 2 cheese and 2 veggs)<br />\r\n<br />\r\n6,000 Rwf<br />\r\nDouble Cheese Burger (2 meat burger, cheese, veggies)<br />\r\n<br />\r\n6,000 Rwf<br />\r\nChicken<br />\r\n<br />\r\n5,000 Rwf<br />\r\nBeef Burger<br />\r\n<br />\r\n4,500 Rwf<br />\r\nClassic Beef Burger<br />\r\nOUR KITCHEN :: Lowfat DishesSearch<br />\r\n<br />\r\n<br />\r\n5,000 Rwf<br />\r\nBeef/Chicken Agatogo<br />\r\n<br />\r\n5,000 Rwf<br />\r\nBeef/cChicken Boilo<br />\r\n<br />\r\n6,000 Rwf<br />\r\nAny Thing Fish Agatogo/Boilo<br />\r\n<br />\r\n20,000 Rwf<br />\r\nBeef/Chicken/ Goat Igisafuriya<br />\r\n<br />\r\n15,000 Rwf<br />\r\nRabbit Igisafuriya<br />\r\nMAIN COURSE DISHES :: Sea Food DishesSearch<br />\r\n<br />\r\n<br />\r\n7,000 Rwf<br />\r\nFillet De Tilapia Bonne Femme (Buttered tilapia fillet with mushroom souce)<br />\r\n<br />\r\n7,000 Rwf<br />\r\nTilapia Meniere<br />\r\n<br />\r\n6,000 Rwf<br />\r\nCaptain Fish Fillet<br />\r\n<br />\r\n5,000 Rwf<br />\r\nCassava Bread With Sambaza<br />\r\nMAIN COURSE DISHES :: Chicken DishesSearch<br />\r\n<br />\r\n<br />\r\n6,000 Rwf<br />\r\nChicken Stroganoff<br />\r\n<br />\r\n6,000 Rwf<br />\r\nChicken Curry<br />\r\n<br />\r\n5,000 Rwf<br />\r\nChicken Stew<br />\r\n<br />\r\n6,000 Rwf<br />\r\nChicken And Egg Fried Rice<br />\r\n<br />\r\n7,000 Rwf<br />\r\nChicken Biryani Rice<br />\r\nMAIN COURSE DISHES :: Beef DishesSearch<br />\r\n<br />\r\n<br />\r\n7,000 Rwf<br />\r\nBeef Fillet In Pepper Sauce<br />\r\n<br />\r\n7,000 Rwf<br />\r\nBeef Fillet With Onions<br />\r\n<br />\r\n7,000 Rwf<br />\r\nSteak And Egg Fried Rice<br />\r\n<br />\r\n6,000 Rwf<br />\r\nBeef Pilau Rice<br />\r\nMAIN COURSE DISHES :: Specialities and Family DishesSearch<br />\r\n<br />\r\n<br />\r\n18,000 Rwf<br />\r\nUmusokoro (1kg of Beef Meat, Mixed vegetables with a slow cooked maize or rice at choice, (Food for 4 People))<br />\r\n<br />\r\n18,000 Rwf<br />\r\nBel Air (Whole steamed chicken, 3kgs of fried banana in white onions), (Food for 4 people)<br />\r\n<br />\r\n25,000 Rwf<br />\r\nKuku Ya Wali (Whole steamed chicken served with 1kg of rice in a coconut flavor)<br />\r\n<br />\r\n25,000 Rwf<br />\r\nSpot Valley Chicken (Special marinated whole fried with mix of vegetables, served with pilau rice and chips food for 4 people)<br />\r\n<br />\r\n25,000 Rwf<br />\r\nSpot Valley Fish (Special marinated grilled whole tilapia fish of 2kgs, served with roasted potatoes and rice and salad)<br />\r\nMAIN COURSE DISHES :: Comazone / B.B.Q CornerSearch<br />\r\n<br />\r\n<br />\r\n15,000 Rwf<br />\r\nWhole Grilled Local (All served with chips and salad for one person)<br />\r\n<br />\r\n20,000 Rwf<br />\r\nWhole Grilled Flesh (All served with chips and salad for one person)<br />\r\n<br />\r\n15,000 Rwf<br />\r\nWhole Grilled Fish (All served without accompaniment)<br />\r\n<br />\r\n18,000 Rwf<br />\r\nWhole Grilled Fish (All served without accompaniment)<br />\r\n<br />\r\n20,000 Rwf<br />\r\nWhole Grilled Fish (All served without accompaniment)<br />\r\n<br />\r\n3,000 Rwf<br />\r\nFish Brochette<br />\r\n<br />\r\n1,200 Rwf<br />\r\nGoat Brochette<br />\r\n<br />\r\n2,000 Rwf<br />\r\nGoat Zingaro<br />\r\n<br />\r\n3,000 Rwf<br />\r\nIgiti<br />\r\n<br />\r\n2,000 Rwf<br />\r\nTongue Brochette<br />\r\n<br />\r\n2,500 Rwf<br />\r\nSausage Brochette<br />\r\n<br />\r\n15,000 Rwf<br />\r\nOven Roasted Goat Leg<br />\r\n<br />\r\n10,000 Rwf<br />\r\nOven Roasted Goat Arm<br />\r\n<br />\r\n100,000 Rwf<br />\r\nWhole Roasted Goat Stuffed With Rice<br />\r\nMAIN COURSE DISHES :: Pizzeria CornerSearch<br />\r\n<br />\r\n<br />\r\n10,000 Rwf<br />\r\nCarnivore Pizza(Beef, Chicken, Ham, Sausages, Veggies, Pinea<br />\r\n<br />\r\n5,500 Rwf<br />\r\nHawaiian Pizza (Ham, Pineapple, Vegetables and Cheese)<br />\r\n<br />\r\n7,000 Rwf<br />\r\nFour Season Pizza (Veggies, Sausages, Mushrooms, Ham and Cheese)<br />\r\n<br />\r\n7,000 Rwf<br />\r\nChicken Pizza (Chicken, Veggies, Boiled egg and Cheese)<br />\r\n<br />\r\n5,000 Rwf<br />\r\nVegetarian Pizza (A mix of vegetables and Cheese)<br />\r\n<br />\r\n6,000 Rwf<br />\r\nItalian Pizza (Minced beef meat, Onions, Green pepper, chili and cheese)<br />\r\n<br />\r\n6,000 Rwf<br />\r\nCastro Pizza (Sausages, Onions and Cheese)<br />\r\nMAIN COURSE DISHES :: Sizzling / Hop PlatesSearch<br />\r\n<br />\r\n<br />\r\n6,000 Rwf<br />\r\nBeef Sizzling<br />\r\n<br />\r\n7,000 Rwf<br />\r\nChicken Sizzling<br />\r\n<br />\r\n8,000 Rwf<br />\r\nFish Sizzling<br />\r\n<br />\r\n5,000 Rwf<br />\r\nVegetable Sizzling<br />\r\nMAIN COURSE DISHES :: Fruity Salad and DesertsSearch<br />\r\n<br />\r\n<br />\r\n3,500 Rwf<br />\r\nMacedoine De Fruits<br />\r\n<br />\r\n1,500 Rwf<br />\r\nAny Kind Of Ice Cream 1 Scoop<br />\r\n<br />\r\n500 Rwf<br />\r\nCookies 100 Gs<br />\r\n<br />\r\n3,000 Rwf<br />\r\nCrepe Nature 3Pcs/ Place<br />\r\n<br />\r\n4,000 Rwf<br />\r\nCrepe With Ice Cream Or Chocholate<br />\r\nSpot Valley Lounge, All right reserved.<br />\r\nDesigned By Spot Valley Lounge', 'reports/Jean Aime_NDABAHARIYE_2024_1731578916.JPG', '2024-11-14 10:15:24', 0),
(3, 5, 1, '2024-11-14', 'dfsfdsf', '', '2024-11-14 10:15:28', 0),
(4, 4, 1, '2024-11-12', 'dfsfsad\\', '', '2024-11-14 10:15:32', 0),
(5, 5, 3, '2024-11-13', 'dssadd', '', '2024-11-14 10:15:39', 0),
(6, 4, 1, '2024-11-14', 'dadasd', '', '2024-11-14 10:15:42', 0),
(8, 3, 2, '2024-11-14', 'GHFGHFGHHJ', 'reports/Sion_IRADUKUNDA_2024_1731585235.JPG', '2024-11-14 11:53:54', 0),
(9, 3, 1, '2024-11-06', 'dfghj', '', '2024-11-14 11:56:48', 0);

-- --------------------------------------------------------

--
-- Table structure for table `sectors`
--

CREATE TABLE `sectors` (
  `Sector_ID` int(11) NOT NULL,
  `SectorName` text NOT NULL,
  `District_ID` int(11) NOT NULL
) ENGINE=InnoDB DEFAULT CHARSET=latin1 COLLATE=latin1_swedish_ci;

--
-- Dumping data for table `sectors`
--

INSERT INTO `sectors` (`Sector_ID`, `SectorName`, `District_ID`) VALUES
(1, 'Ntarama', 22),
(2, 'Juru', 22),
(3, 'Gashora', 22),
(4, 'Kamabuye', 22),
(5, 'Nyarugenge', 22),
(6, 'Mareba', 22),
(7, 'Musenyi', 22),
(8, 'Mwogo', 22),
(9, 'Ngeruka', 22),
(10, 'Rilima', 22),
(11, 'Ruhuha', 22),
(12, 'Rweru', 22),
(13, 'Shyara', 22),
(14, 'Nyamata', 22),
(15, 'Mayange', 22),
(16, 'Gasange', 23),
(17, 'Gatsibo', 23),
(18, 'Gitoki', 23),
(19, 'Kabarore', 23),
(20, 'Kageyo', 23),
(21, 'Kiramuruzi', 23),
(22, 'Kiziguro', 23),
(23, 'Muhura', 23),
(24, 'Murambi', 23),
(25, 'Ngarama', 23),
(26, 'Nyagihanga', 23),
(27, 'Remera', 23),
(28, 'Rugarama', 23),
(29, 'Rwimbogo', 23),
(30, 'Busengo', 27),
(31, 'Coko', 27),
(32, 'Cyabingo', 27),
(33, 'Gakenke', 27),
(34, 'Gashenyi', 27),
(35, 'Mugunga', 27),
(36, 'Janja', 27),
(37, 'Kamubuga', 27),
(38, 'Karambo', 27),
(39, 'Kivuruga', 27),
(40, 'Mataba', 27),
(41, 'Minazi', 27),
(42, 'Muhondo', 27),
(43, 'Muyongwe', 27),
(44, 'Muzo', 27),
(45, 'Nemba', 27),
(46, 'Ruli', 27),
(47, 'Rusasa', 27),
(48, 'Rushashi', 27),
(49, 'Gahini', 4),
(50, 'Kabare', 4),
(51, 'Kabarondo', 4),
(52, 'Mukarange', 4),
(53, 'Murama', 4),
(54, 'Murundi', 4),
(55, 'Mwiri', 4),
(56, 'Nyamirama', 4),
(57, 'Rukara', 4),
(58, 'Ruramira', 4),
(59, 'Rwinkwavu', 4),
(60, 'Ndengo', 4),
(61, 'Gahara', 8),
(62, 'Gatore', 8),
(63, 'Kigina', 8),
(64, 'Kirehe', 8),
(65, 'Mahama', 8),
(66, 'Mpanga', 8),
(67, 'Musaza', 8),
(68, 'Mushikiri', 8),
(69, 'Naasho', 8),
(70, 'Nyamugari', 8),
(71, 'Nyarubuye', 8),
(72, 'Kigarama', 8),
(73, 'Gashanda', 24),
(74, 'Jarama', 24),
(75, 'Karembo', 24),
(76, 'Kazo', 24),
(77, 'Kibungo', 24),
(78, 'Mugesera', 24),
(79, 'Murama', 24),
(80, 'Mutenderi', 24),
(82, 'Remera', 24),
(83, 'Rukira', 24),
(84, 'Rukumberi', 24),
(85, 'Rurenge', 24),
(86, 'Sake', 24),
(87, 'Zaza', 24),
(88, 'Gatunda', 25),
(89, 'Kiyombe', 25),
(90, 'Karama', 25),
(91, 'Karangazi', 25),
(92, 'Katabagemu', 25),
(93, 'Matimba', 25),
(94, 'Mukama', 25),
(95, 'Musheli', 25),
(96, 'Nyagatare', 25),
(97, 'Rukoma', 25),
(98, 'Rwempasha', 25),
(99, 'Rwimiyaga', 25),
(100, 'Tabagwe', 25),
(101, 'Mimuli', 25),
(102, 'Fumbwe', 5),
(103, 'Gahengeri', 5),
(104, 'Gishari', 5),
(105, 'Karenge', 5),
(106, 'Kigabiro', 5),
(107, 'Muhazi', 5),
(108, 'Munyaga', 5),
(109, 'Munyiginya', 5),
(110, 'Musha', 5),
(111, 'Muyumbu', 5),
(112, 'Mwulire', 5),
(113, 'Nyakariro', 5),
(114, 'Nzige', 5),
(115, 'Rubona', 5),
(116, 'Bumbogo', 10),
(117, 'Gatsata', 10),
(118, 'Jali', 10),
(119, 'Gikomero', 10),
(120, 'Gisozi', 10),
(121, 'Jabana', 10),
(122, 'Kinyinya', 10),
(123, 'Ndera', 10),
(124, 'Nduba', 10),
(125, 'Rusororo', 10),
(126, 'Rutunga', 10),
(127, 'Kacyiru', 10),
(128, 'Kimihurura', 10),
(129, 'Kimironko', 10),
(130, 'Remera', 10),
(131, 'Gahanga', 11),
(132, 'Gatenga', 11),
(133, 'Gikondo', 11),
(134, 'Kagarama', 11),
(135, 'Kanombe', 11),
(136, 'Kicukiro', 11),
(137, 'Kigarama', 11),
(138, 'Masaka', 11),
(139, 'Niboyi', 11),
(140, 'Nyarugunga', 11),
(141, 'Gitega', 12),
(142, 'Kanyinya', 12),
(143, 'Kigali', 12),
(144, 'Kimisagara', 12),
(145, 'Mageragere', 12),
(146, 'Muhima', 12),
(147, 'Nyakabanda', 12),
(148, 'Nyamirambo', 12),
(149, 'Rwezamenyo', 12),
(150, 'Nyarugenge', 12),
(151, 'Bungwe', 26),
(152, 'Butaro', 26),
(153, 'Cyanika', 26),
(154, 'Cyuru', 26),
(155, 'Gahunga', 26),
(156, 'Gatebe', 26),
(157, 'Gitovu', 26),
(158, 'Kagogo', 26),
(159, 'Kinoni', 26),
(160, 'Kinyababa', 26),
(161, 'Kivuye', 26),
(163, 'Rugarama', 26),
(164, 'Rugengabari', 26),
(165, 'Ruhunde', 26),
(166, 'Rusarabaye', 26),
(167, 'Rwerere', 26),
(168, 'Nemba', 26),
(169, 'Bukure', 28),
(170, 'Bwisige', 28),
(171, 'Byumba', 28),
(172, 'Cyumba', 28),
(173, 'Giti', 28),
(174, 'Kaniga', 28),
(175, 'Manyagiro', 28),
(176, 'Miyove', 28),
(177, 'Kageyo', 28),
(178, 'Mukarange', 28),
(179, 'Muko', 28),
(180, 'Mutete', 28),
(181, 'Nyamiyaga', 28),
(182, 'Nyankenke', 28),
(183, 'Rubaya', 28),
(184, 'Rukomo', 28),
(185, 'Ruskaki', 28),
(186, 'Rutare', 28),
(187, 'Ruvune', 28),
(188, 'Rwamiko', 28),
(189, 'Shangasha', 28),
(190, 'Busogo', 29),
(191, 'Cyuve', 29),
(192, 'Gacaca', 29),
(193, 'Gashaki', 29),
(194, 'Kimonyi', 29),
(195, 'Kinigi', 29),
(196, 'Muhoza', 29),
(197, 'Muko', 29),
(198, 'Musanze', 29),
(199, 'Nkotsi', 29),
(200, 'Nyange', 29),
(201, 'Remera', 29),
(202, 'Shingiro', 29),
(203, 'Gatagara', 29),
(204, 'Rwaza', 29),
(205, 'Base', 30),
(206, 'Burega', 30),
(207, 'Bushoki', 30),
(208, 'Buyoga', 30),
(209, 'Cyinzuzi', 30),
(210, 'Cyungo', 30),
(211, 'Kinihira', 30),
(212, 'Kisaro', 30),
(213, 'Mbogo', 30),
(214, 'Masoro', 30),
(215, 'Rusiga', 30),
(216, 'Murambi', 30),
(217, 'Ngoma', 30),
(218, 'Ntarabana', 30),
(219, 'Rukozo', 30),
(220, 'Shyorongi', 30),
(221, 'Tumba', 30),
(222, 'Gikonko', 2),
(223, 'Gishubi', 2),
(224, 'Kansi', 2),
(225, 'Kibirizi', 2),
(226, 'Kigembe', 2),
(227, 'Mamba', 2),
(228, 'Muganza', 2),
(229, 'Mugombwa', 2),
(230, 'Mukindo', 2),
(231, 'Musha', 2),
(232, 'Nyanza', 2),
(233, 'Save', 2),
(234, 'Ndora', 2),
(235, 'Gishamvu', 1),
(236, 'Karama', 1),
(237, 'Kigoma', 1),
(238, 'Kinazi', 1),
(239, 'Maraba', 1),
(240, 'Mbazi', 1),
(241, 'Mukura', 1),
(242, 'Ngoma', 1),
(243, 'Ruhashya', 1),
(244, 'Rusatira', 1),
(245, 'Rwaniro', 1),
(246, 'Simbi', 1),
(247, 'Tumba', 1),
(248, 'Huye', 1),
(249, 'Gacurabwenge', 13),
(250, 'Karama', 13),
(251, 'Kayenzi', 13),
(252, 'Kayumbu', 13),
(253, 'Mugina', 13),
(254, 'Musambira', 13),
(255, 'Ngamba', 13),
(256, 'Nyamiyaga', 13),
(257, 'Nyarubaka', 13),
(258, 'Rugalika', 13),
(259, 'Rukoma', 13),
(260, 'Runda', 13),
(261, 'Cyeza', 14),
(262, 'Kabucuzi', 14),
(263, 'Kibangu', 14),
(264, 'Kiyumba', 14),
(265, 'Muhanga', 14),
(266, 'Mushishiro', 14),
(267, 'Nyabinoni', 14),
(268, 'Nyamabuye', 14),
(269, 'Nyarusange', 14),
(270, 'Rongi', 14),
(271, 'Rugendabari', 14),
(272, 'Shyogwe', 14),
(273, 'Buruhukiro', 15),
(274, 'Gatare', 15),
(275, 'Kaduha', 15),
(276, 'Kamegeli', 15),
(277, 'Kibirizi', 15),
(278, 'Kibumbwe', 15),
(279, 'Kitabi', 15),
(280, 'Mbazi', 15),
(281, 'Musange', 15),
(282, 'Musebeya', 15),
(283, 'Mushubi', 15),
(284, 'Nkomane', 15),
(285, 'Cyanika', 15),
(286, 'Tare', 15),
(287, 'Uwinkingi', 15),
(288, 'Mugano', 15),
(289, 'Gasaka', 15),
(290, 'Busasamana', 3),
(291, 'Busoro', 3),
(292, 'Cyabakamyi', 3),
(293, 'Kibirizi', 3),
(294, 'Kigoma', 3),
(295, 'Mukingo', 3),
(296, 'Rwabicuma', 3),
(297, 'Muyira', 3),
(298, 'Ntyazo', 3),
(299, 'Nyagisozi', 3),
(300, 'Cyahinda', 17),
(301, 'Busanze', 17),
(302, 'Kibeho', 17),
(303, 'Mata', 17),
(304, 'Munini', 17),
(305, 'Kivu', 17),
(306, 'Ngera', 17),
(307, 'Ngoma', 17),
(308, 'Nyabimata', 17),
(309, 'Nyagisozi', 17),
(310, 'Ruheru', 17),
(311, 'Muganza', 17),
(312, 'Ruramba', 17),
(313, 'Rusenge', 17),
(314, 'Bweramana', 18),
(315, 'Byimana', 18),
(316, 'Kabagari', 18),
(317, 'Kinazi', 18),
(318, 'Kinihira', 18),
(319, 'Mbuye', 18),
(320, 'Ntongwe', 18),
(321, 'Ruhango', 18),
(322, 'Mwendo', 18),
(323, 'Gashari', 6),
(324, 'Bwira', 16),
(325, 'Gatumba', 16),
(326, 'Hindiro', 16),
(327, 'Kabaya', 16),
(328, 'Kageyo', 16),
(329, 'Kavumu', 16),
(330, 'Matyazo', 16),
(331, 'Muhanda', 16),
(332, 'Muhororo', 16),
(333, 'Ndaro', 16),
(334, 'Ngororero', 16),
(335, 'Nyange', 16),
(336, 'Sovu', 16),
(337, 'Bigogwe', 19),
(338, 'Jenda', 19),
(339, 'Jomba', 19),
(340, 'Kabatwa', 19),
(341, 'Kintobo', 19),
(342, 'Mukamira', 19),
(343, 'Muringa', 19),
(344, 'Rambura', 19),
(345, 'Rugera', 19),
(346, 'Rurembo', 19),
(347, 'Shyira', 19),
(348, 'Karago', 19),
(349, 'Bushekeri', 21),
(350, 'Bushenge', 21),
(351, 'Cyato', 21),
(352, 'Gihombo', 21),
(353, 'Kagano', 21),
(354, 'Kanjongo', 21),
(355, 'Karambi', 21),
(356, 'Karengera', 21),
(357, 'Kirimbi', 21),
(358, 'Macuba', 21),
(359, 'Mahembe', 21),
(360, 'Nyabitekeri', 21),
(361, 'Rangiro', 21),
(362, 'Ruharambuga', 21),
(363, 'Shangi', 21),
(364, 'Bugeshi', 20),
(365, 'Busasamana', 20),
(366, 'Cyanzarwe', 20),
(367, 'Gisenyi', 20),
(368, 'Kanama', 20),
(370, 'Mudende', 20),
(371, 'Nyakiliba', 20),
(372, 'Nyamyumba', 20),
(373, 'Nyundo', 20),
(374, 'Rubavu', 20),
(375, 'Rugerero', 20),
(376, 'Bwishyura', 6),
(377, 'Gishyita', 6),
(378, 'Gisovu', 6),
(379, 'Gitesi', 6),
(380, 'Murundi', 6),
(381, 'Murambi', 6),
(382, 'Mubuga', 6),
(383, 'Mutuntu', 6),
(384, 'Rugabano', 6),
(385, 'Ruganda', 6),
(386, 'Rwankuba', 6),
(387, 'Twumba', 6),
(389, 'Bugarama', 7),
(390, 'Butare', 7),
(391, 'Bweyeye', 7),
(392, 'Gikundamvura', 7),
(393, 'Gashonga', 7),
(394, 'Giheke', 7),
(395, 'Gihundwe', 7),
(396, 'Gitambi', 7),
(397, 'Kamembe', 7),
(398, 'Muganza', 7),
(399, 'Mururu', 7),
(400, 'Nkanka', 7),
(401, 'Nkombo', 7),
(402, 'Nkungu', 7),
(404, 'Nyakabuye', 7),
(405, 'Nyakarenzo', 7),
(406, 'Nzahaha', 7),
(407, 'Rwimbogo', 7),
(408, 'Boneza', 9),
(409, 'Gihango', 9),
(410, 'Kigeyo', 9),
(411, 'Kivumu', 9),
(413, 'Manihira', 9),
(414, 'Mukura', 9),
(415, 'Murunda', 9),
(416, 'Musasa', 9),
(418, 'Mushubati', 9),
(419, 'Nyabirasi', 9),
(420, 'Ruhango', 9),
(421, 'Rusebeya', 9),
(422, 'Mushonyi', 9),
(423, 'Kanzenze', 20);

-- --------------------------------------------------------

--
-- Table structure for table `subcategory`
--

CREATE TABLE `subcategory` (
  `subcat_id` int(11) NOT NULL,
  `subcat_name` varchar(50) NOT NULL,
  `subcat_status` varchar(20) NOT NULL,
  `main_cat_id` int(11) NOT NULL
) ENGINE=InnoDB DEFAULT CHARSET=utf8mb4 COLLATE=utf8mb4_general_ci;

--
-- Dumping data for table `subcategory`
--

INSERT INTO `subcategory` (`subcat_id`, `subcat_name`, `subcat_status`, `main_cat_id`) VALUES
(1, 'Daily', 'Active', 1),
(2, 'Weekly', 'Active', 1),
(3, 'Monthly', 'Active', 1),
(4, 'Annually', 'Active', 1);

-- --------------------------------------------------------

--
-- Table structure for table `system`
--

CREATE TABLE `system` (
  `id` int(11) NOT NULL,
  `logo` varchar(120) NOT NULL,
  `stamp` varchar(120) NOT NULL,
  `name` varchar(120) NOT NULL,
  `abbreviation` varchar(120) NOT NULL,
  `email` varchar(60) NOT NULL,
  `phone` varchar(20) NOT NULL,
  `pobox` varchar(120) NOT NULL,
  `motto` varchar(120) NOT NULL,
  `website` varchar(129) NOT NULL,
  `izina_ry_ubutore` varchar(130) NOT NULL,
  `manager` varchar(120) NOT NULL,
  `font_family` varchar(60) DEFAULT NULL,
  `category` varchar(30) DEFAULT NULL,
  `cell_id` int(11) NOT NULL,
  `school_status` int(11) NOT NULL,
  `date_modified` timestamp NOT NULL DEFAULT current_timestamp(),
  `tin` varchar(20) NOT NULL,
  `momopay` varchar(10) NOT NULL,
  `nameonmomo` varchar(50) NOT NULL,
  `developedby` varchar(120) DEFAULT NULL
) ENGINE=InnoDB DEFAULT CHARSET=latin1 COLLATE=latin1_swedish_ci;

--
-- Dumping data for table `system`
--

INSERT INTO `system` (`id`, `logo`, `stamp`, `name`, `abbreviation`, `email`, `phone`, `pobox`, `motto`, `website`, `izina_ry_ubutore`, `manager`, `font_family`, `category`, `cell_id`, `school_status`, `date_modified`, `tin`, `momopay`, `nameonmomo`, `developedby`) VALUES
(1, 'logo/2024_1732015168.png', 'logo/2024_1732028607.jpg', 'Mobile Saving', 'MobiSave', 'mussa@gmail.com', '250788478726', 'KIGALI', 'App', 'https://www.mobisave.org/', 'KIGALI', 'Mussa TUGINAMA', 'Arial', 'Public', 2194, 1, '2024-09-24 13:47:03', '12399000', '052206', 'SPOT VALLEY LOUNGE Ltd', 'T. Mussa');

-- --------------------------------------------------------

--
-- Table structure for table `transaction_type`
--

CREATE TABLE `transaction_type` (
  `trans_id` int(11) NOT NULL,
  `trans_name` varchar(1200) NOT NULL,
  `trans_code` varchar(12) NOT NULL,
  `trans_status` int(11) NOT NULL DEFAULT 1
) ENGINE=InnoDB DEFAULT CHARSET=utf8mb4 COLLATE=utf8mb4_general_ci;

--
-- Dumping data for table `transaction_type`
--

INSERT INTO `transaction_type` (`trans_id`, `trans_name`, `trans_code`, `trans_status`) VALUES
(1, 'Saving', 'SAV001', 1),
(2, 'Withdraw', 'WIT002', 1),
(3, 'Transfer', 'TRA003', 1);

-- --------------------------------------------------------

--
-- Table structure for table `transfer`
--

CREATE TABLE `transfer` (
  `transfer_id` int(11) NOT NULL,
  `transfer_from` int(11) NOT NULL,
  `transfer_to` int(11) NOT NULL,
  `transfer_amount` varchar(20) NOT NULL,
  `transfer_description` varchar(2200) NOT NULL,
  `transfer_date_time` timestamp NOT NULL DEFAULT current_timestamp() ON UPDATE current_timestamp(),
  `transfer_account` varchar(20) NOT NULL,
  `transfer_pin` varchar(10) NOT NULL,
  `transfer_status` varchar(20) NOT NULL DEFAULT 'Pending'
) ENGINE=InnoDB DEFAULT CHARSET=utf8mb4 COLLATE=utf8mb4_general_ci;

--
-- Dumping data for table `transfer`
--

INSERT INTO `transfer` (`transfer_id`, `transfer_from`, `transfer_to`, `transfer_amount`, `transfer_description`, `transfer_date_time`, `transfer_account`, `transfer_pin`, `transfer_status`) VALUES
(1, 17, 17, '2000', 'Transfer for refund', '2024-11-27 17:36:53', '15', '55555', 'Pending'),
(2, 17, 17, '4000', 'fgfg', '2024-11-27 17:47:06', '11', '55443', 'Pending');

-- --------------------------------------------------------

--
-- Table structure for table `withdraw`
--

CREATE TABLE `withdraw` (
  `withdraw_id` int(11) NOT NULL,
  `withdraw_client` int(11) NOT NULL,
  `withdraw_cashier` int(11) NOT NULL,
  `withdraw_amount` varchar(20) NOT NULL,
  `withdraw_description` varchar(2200) NOT NULL,
  `withdraw_date_time` timestamp NOT NULL DEFAULT current_timestamp() ON UPDATE current_timestamp()
) ENGINE=InnoDB DEFAULT CHARSET=utf8mb4 COLLATE=utf8mb4_general_ci;

--
-- Dumping data for table `withdraw`
--

INSERT INTO `withdraw` (`withdraw_id`, `withdraw_client`, `withdraw_cashier`, `withdraw_amount`, `withdraw_description`, `withdraw_date_time`) VALUES
(1, 17, 17, '1200', 'Airtimes', '2024-11-27 17:34:02');

--
-- Indexes for dumped tables
--

--
-- Indexes for table `cells`
--
ALTER TABLE `cells`
  ADD PRIMARY KEY (`Cell_ID`),
  ADD KEY `Sector_ID` (`Sector_ID`);

--
-- Indexes for table `centers`
--
ALTER TABLE `centers`
  ADD PRIMARY KEY (`center_id`);

--
-- Indexes for table `company_account`
--
ALTER TABLE `company_account`
  ADD PRIMARY KEY (`account_id`);

--
-- Indexes for table `container`
--
ALTER TABLE `container`
  ADD PRIMARY KEY (`container_id`);

--
-- Indexes for table `country`
--
ALTER TABLE `country`
  ADD PRIMARY KEY (`country_id`);

--
-- Indexes for table `deposit`
--
ALTER TABLE `deposit`
  ADD PRIMARY KEY (`deposit_id`);

--
-- Indexes for table `district`
--
ALTER TABLE `district`
  ADD PRIMARY KEY (`DistrictID`),
  ADD KEY `ProvinceID_idx` (`ProvinceID`),
  ADD KEY `ProvinceID` (`ProvinceID`);

--
-- Indexes for table `feecharged`
--
ALTER TABLE `feecharged`
  ADD PRIMARY KEY (`charged_id`);

--
-- Indexes for table `main_category`
--
ALTER TABLE `main_category`
  ADD PRIMARY KEY (`main_cat_id`),
  ADD UNIQUE KEY `main_cat_name` (`main_cat_name`);

--
-- Indexes for table `pagination`
--
ALTER TABLE `pagination`
  ADD PRIMARY KEY (`pagination_id`);

--
-- Indexes for table `position`
--
ALTER TABLE `position`
  ADD PRIMARY KEY (`position_id`);

--
-- Indexes for table `province`
--
ALTER TABLE `province`
  ADD PRIMARY KEY (`ProvinceID`);

--
-- Indexes for table `registration`
--
ALTER TABLE `registration`
  ADD PRIMARY KEY (`user_id`),
  ADD UNIQUE KEY `user_email` (`user_email`),
  ADD UNIQUE KEY `username` (`username`),
  ADD UNIQUE KEY `user_phone` (`user_phone`);

--
-- Indexes for table `report`
--
ALTER TABLE `report`
  ADD PRIMARY KEY (`report_id`);

--
-- Indexes for table `sectors`
--
ALTER TABLE `sectors`
  ADD PRIMARY KEY (`Sector_ID`);

--
-- Indexes for table `subcategory`
--
ALTER TABLE `subcategory`
  ADD PRIMARY KEY (`subcat_id`),
  ADD UNIQUE KEY `subcat_name` (`subcat_name`);

--
-- Indexes for table `system`
--
ALTER TABLE `system`
  ADD PRIMARY KEY (`id`),
  ADD KEY `cell_id` (`cell_id`);

--
-- Indexes for table `transaction_type`
--
ALTER TABLE `transaction_type`
  ADD PRIMARY KEY (`trans_id`);

--
-- Indexes for table `transfer`
--
ALTER TABLE `transfer`
  ADD PRIMARY KEY (`transfer_id`);

--
-- Indexes for table `withdraw`
--
ALTER TABLE `withdraw`
  ADD PRIMARY KEY (`withdraw_id`);

--
-- AUTO_INCREMENT for dumped tables
--

--
-- AUTO_INCREMENT for table `cells`
--
ALTER TABLE `cells`
  MODIFY `Cell_ID` int(11) NOT NULL AUTO_INCREMENT, AUTO_INCREMENT=2330;

--
-- AUTO_INCREMENT for table `centers`
--
ALTER TABLE `centers`
  MODIFY `center_id` int(11) NOT NULL AUTO_INCREMENT, AUTO_INCREMENT=12;

--
-- AUTO_INCREMENT for table `company_account`
--
ALTER TABLE `company_account`
  MODIFY `account_id` int(11) NOT NULL AUTO_INCREMENT;

--
-- AUTO_INCREMENT for table `container`
--
ALTER TABLE `container`
  MODIFY `container_id` int(11) NOT NULL AUTO_INCREMENT, AUTO_INCREMENT=22;

--
-- AUTO_INCREMENT for table `country`
--
ALTER TABLE `country`
  MODIFY `country_id` int(11) NOT NULL AUTO_INCREMENT, AUTO_INCREMENT=251;

--
-- AUTO_INCREMENT for table `deposit`
--
ALTER TABLE `deposit`
  MODIFY `deposit_id` int(11) NOT NULL AUTO_INCREMENT, AUTO_INCREMENT=2;

--
-- AUTO_INCREMENT for table `feecharged`
--
ALTER TABLE `feecharged`
  MODIFY `charged_id` int(11) NOT NULL AUTO_INCREMENT, AUTO_INCREMENT=2;

--
-- AUTO_INCREMENT for table `main_category`
--
ALTER TABLE `main_category`
  MODIFY `main_cat_id` int(11) NOT NULL AUTO_INCREMENT, AUTO_INCREMENT=2;

--
-- AUTO_INCREMENT for table `pagination`
--
ALTER TABLE `pagination`
  MODIFY `pagination_id` int(11) NOT NULL AUTO_INCREMENT, AUTO_INCREMENT=7;

--
-- AUTO_INCREMENT for table `position`
--
ALTER TABLE `position`
  MODIFY `position_id` int(11) NOT NULL AUTO_INCREMENT, AUTO_INCREMENT=10;

--
-- AUTO_INCREMENT for table `registration`
--
ALTER TABLE `registration`
  MODIFY `user_id` int(11) NOT NULL AUTO_INCREMENT, AUTO_INCREMENT=18;

--
-- AUTO_INCREMENT for table `report`
--
ALTER TABLE `report`
  MODIFY `report_id` int(11) NOT NULL AUTO_INCREMENT, AUTO_INCREMENT=10;

--
-- AUTO_INCREMENT for table `subcategory`
--
ALTER TABLE `subcategory`
  MODIFY `subcat_id` int(11) NOT NULL AUTO_INCREMENT, AUTO_INCREMENT=5;

--
-- AUTO_INCREMENT for table `system`
--
ALTER TABLE `system`
  MODIFY `id` int(11) NOT NULL AUTO_INCREMENT, AUTO_INCREMENT=2;

--
-- AUTO_INCREMENT for table `transaction_type`
--
ALTER TABLE `transaction_type`
  MODIFY `trans_id` int(11) NOT NULL AUTO_INCREMENT, AUTO_INCREMENT=4;

--
-- AUTO_INCREMENT for table `transfer`
--
ALTER TABLE `transfer`
  MODIFY `transfer_id` int(11) NOT NULL AUTO_INCREMENT, AUTO_INCREMENT=3;

--
-- AUTO_INCREMENT for table `withdraw`
--
ALTER TABLE `withdraw`
  MODIFY `withdraw_id` int(11) NOT NULL AUTO_INCREMENT, AUTO_INCREMENT=2;
COMMIT;

/*!40101 SET CHARACTER_SET_CLIENT=@OLD_CHARACTER_SET_CLIENT */;
/*!40101 SET CHARACTER_SET_RESULTS=@OLD_CHARACTER_SET_RESULTS */;
/*!40101 SET COLLATION_CONNECTION=@OLD_COLLATION_CONNECTION */;
